"codename","rowid","cid","fid","filename","index1","index2","CodingLength","nome_consel","entidade_sigla","categoria1","categoria2"
"adriano_augusto_araujo_jorge_ima",1313,110,33,"meeting_10",7759,7779,20,"adriano_augusto_araujo_jorge","ima","gestao_publica","poder_publico"
"adriano_augusto_araujo_jorge_ima",1085,110,31,"meeting_12",13569,13582,13,"adriano_augusto_araujo_jorge","ima","gestao_publica","poder_publico"
"adriano_augusto_araujo_jorge_ima",870,110,2,"meeting_09",5788,5830,42,"adriano_augusto_araujo_jorge","ima","gestao_publica","poder_publico"
"adriano_augusto_araujo_jorge_ima",1096,110,31,"meeting_12",15346,15353,7,"adriano_augusto_araujo_jorge","ima","gestao_publica","poder_publico"
"adriano_augusto_araujo_jorge_ima",1333,110,33,"meeting_10",10076,10083,7,"adriano_augusto_araujo_jorge","ima","gestao_publica","poder_publico"
"adriano_augusto_araujo_jorge_ima",1131,110,31,"meeting_12",20354,20369,15,"adriano_augusto_araujo_jorge","ima","gestao_publica","poder_publico"
"alberto_da_silva_santos_ircos",2630,125,32,"meeting_04",7375,7888,513,"alberto_da_silva_santos","ircos","ongs_ambientalistas","sociedade_civil"
"alberto_da_silva_santos_ircos",1255,125,32,"meeting_04",10532,10554,22,"alberto_da_silva_santos","ircos","ongs_ambientalistas","sociedade_civil"
"alberto_rodrigues_ahmaja",673,15,24,"meeting_03",4995,5021,26,"alberto_rodrigues","ahmaja","atividade_turistica","sociedade_civil"
"alberto_rodrigues_ahmaja",777,15,1,"meeting_08",6079,6096,17,"alberto_rodrigues","ahmaja","atividade_turistica","sociedade_civil"
"alberto_rodrigues_ahmaja",192,15,12,"meeting_05",5365,5384,19,"alberto_rodrigues","ahmaja","atividade_turistica","sociedade_civil"
"alberto_rodrigues_ahmaja",683,15,24,"meeting_03",5220,5246,26,"alberto_rodrigues","ahmaja","atividade_turistica","sociedade_civil"
"alberto_rodrigues_ahmaja",1216,15,32,"meeting_04",2367,2374,7,"alberto_rodrigues","ahmaja","atividade_turistica","sociedade_civil"
"alberto_rodrigues_ahmaja",768,15,1,"meeting_08",3450,3467,17,"alberto_rodrigues","ahmaja","atividade_turistica","sociedade_civil"
"alberto_rodrigues_ahmaja",85,15,13,"meeting_06",2837,2854,17,"alberto_rodrigues","ahmaja","atividade_turistica","sociedade_civil"
"ana_paula_de_moura_souza_amitus",2351,113,52,"meeting_29",534,904,370,"ana_paula_de_moura_souza","amitus","atividade_turistica","sociedade_civil"
"ana_paula_de_moura_souza_amitus",2397,113,52,"meeting_29",13637,13775,138,"ana_paula_de_moura_souza","amitus","atividade_turistica","sociedade_civil"
"ana_paula_de_moura_souza_amitus",2542,113,53,"meeting_30",29518,29900,382,"ana_paula_de_moura_souza","amitus","atividade_turistica","sociedade_civil"
"ana_paula_de_moura_souza_amitus",2449,113,53,"meeting_30",2116,2795,679,"ana_paula_de_moura_souza","amitus","atividade_turistica","sociedade_civil"
"ana_paula_de_moura_souza_amitus",1143,113,31,"meeting_12",19175,19193,18,"ana_paula_de_moura_souza","amitus","atividade_turistica","sociedade_civil"
"ana_paula_de_moura_souza_amitus",2311,113,50,"meeting_28",22127,22400,273,"ana_paula_de_moura_souza","amitus","atividade_turistica","sociedade_civil"
"ana_paula_de_moura_souza_amitus",2812,113,19,"meeting_20",7530,7551,21,"ana_paula_de_moura_souza","amitus","atividade_turistica","sociedade_civil"
"ana_paula_de_moura_souza_amitus",2496,113,53,"meeting_30",22424,22528,104,"ana_paula_de_moura_souza","amitus","atividade_turistica","sociedade_civil"
"ana_paula_de_moura_souza_amitus",2002,113,48,"meeting_26",2258,2407,149,"ana_paula_de_moura_souza","amitus","atividade_turistica","sociedade_civil"
"ana_paula_de_moura_souza_amitus",2383,113,52,"meeting_29",10670,10849,179,"ana_paula_de_moura_souza","amitus","atividade_turistica","sociedade_civil"
"ana_paula_de_moura_souza_amitus",1784,113,22,"meeting_23",1378,1402,24,"ana_paula_de_moura_souza","amitus","atividade_turistica","sociedade_civil"
"ana_paula_de_moura_souza_amitus",1197,113,17,"meeting_14",9053,9077,24,"ana_paula_de_moura_souza","amitus","atividade_turistica","sociedade_civil"
"ana_paula_de_moura_souza_amitus",2533,113,53,"meeting_30",28355,28550,195,"ana_paula_de_moura_souza","amitus","atividade_turistica","sociedade_civil"
"ana_paula_de_moura_souza_amitus",2462,113,53,"meeting_30",8987,9694,707,"ana_paula_de_moura_souza","amitus","atividade_turistica","sociedade_civil"
"ana_paula_de_moura_souza_amitus",2366,113,52,"meeting_29",5030,5171,141,"ana_paula_de_moura_souza","amitus","atividade_turistica","sociedade_civil"
"ana_paula_de_moura_souza_amitus",2864,113,21,"meeting_22",23027,23042,15,"ana_paula_de_moura_souza","amitus","atividade_turistica","sociedade_civil"
"ana_paula_de_moura_souza_amitus",2266,113,50,"meeting_28",7800,8064,264,"ana_paula_de_moura_souza","amitus","atividade_turistica","sociedade_civil"
"ana_paula_de_moura_souza_amitus",879,113,2,"meeting_09",7639,7657,18,"ana_paula_de_moura_souza","amitus","atividade_turistica","sociedade_civil"
"ana_paula_de_moura_souza_amitus",2104,113,48,"meeting_26",24262,24371,109,"ana_paula_de_moura_souza","amitus","atividade_turistica","sociedade_civil"
"ana_paula_de_moura_souza_amitus",1590,113,19,"meeting_20",26200,26209,9,"ana_paula_de_moura_souza","amitus","atividade_turistica","sociedade_civil"
"ana_paula_de_moura_souza_amitus",2550,113,51,"meeting_31",525,690,165,"ana_paula_de_moura_souza","amitus","atividade_turistica","sociedade_civil"
"ana_paula_de_moura_souza_amitus",2475,113,53,"meeting_30",16598,16639,41,"ana_paula_de_moura_souza","amitus","atividade_turistica","sociedade_civil"
"ana_paula_de_moura_souza_amitus",2452,113,53,"meeting_30",3790,3869,79,"ana_paula_de_moura_souza","amitus","atividade_turistica","sociedade_civil"
"ana_paula_de_moura_souza_amitus",2532,113,53,"meeting_30",28144,28328,184,"ana_paula_de_moura_souza","amitus","atividade_turistica","sociedade_civil"
"ana_paula_de_moura_souza_amitus",2267,113,50,"meeting_28",8099,8247,148,"ana_paula_de_moura_souza","amitus","atividade_turistica","sociedade_civil"
"ana_paula_de_moura_souza_amitus",2487,113,53,"meeting_30",20636,20689,53,"ana_paula_de_moura_souza","amitus","atividade_turistica","sociedade_civil"
"ana_paula_de_moura_souza_amitus",2537,113,53,"meeting_30",28718,28820,102,"ana_paula_de_moura_souza","amitus","atividade_turistica","sociedade_civil"
"ana_paula_de_moura_souza_amitus",2357,113,52,"meeting_29",2921,3214,293,"ana_paula_de_moura_souza","amitus","atividade_turistica","sociedade_civil"
"ana_paula_de_moura_souza_amitus",2459,113,53,"meeting_30",8620,8772,152,"ana_paula_de_moura_souza","amitus","atividade_turistica","sociedade_civil"
"ana_paula_de_moura_souza_amitus",2250,113,50,"meeting_28",3940,4072,132,"ana_paula_de_moura_souza","amitus","atividade_turistica","sociedade_civil"
"ana_paula_de_moura_souza_amitus",2195,113,49,"meeting_27",14731,14919,188,"ana_paula_de_moura_souza","amitus","atividade_turistica","sociedade_civil"
"ana_paula_de_moura_souza_amitus",2833,113,19,"meeting_20",27536,27556,20,"ana_paula_de_moura_souza","amitus","atividade_turistica","sociedade_civil"
"ana_paula_de_moura_souza_amitus",2361,113,52,"meeting_29",3553,3807,254,"ana_paula_de_moura_souza","amitus","atividade_turistica","sociedade_civil"
"ana_paula_de_moura_souza_amitus",2180,113,49,"meeting_27",11283,11362,79,"ana_paula_de_moura_souza","amitus","atividade_turistica","sociedade_civil"
"antonia_amorim_alves_pmpar",1075,119,31,"meeting_12",11165,11205,40,"antonia_amorim_alves","pmpar","gestao_publica","poder_publico"
"antonia_amorim_alves_pmpar",1708,119,21,"meeting_22",4954,4961,7,"antonia_amorim_alves","pmpar","gestao_publica","poder_publico"
"antonia_amorim_alves_pmpar",1733,119,21,"meeting_22",12217,12224,7,"antonia_amorim_alves","pmpar","gestao_publica","poder_publico"
"antonia_amorim_alves_pmpar",1136,119,31,"meeting_12",19007,19023,16,"antonia_amorim_alves","pmpar","gestao_publica","poder_publico"
"antonio_dos_santos_apb",1844,163,46,"meeting_24",8969,9167,198,"antonio_dos_santos","apb","atividade_turistica",NA
"beatrice_padovani_ufpe",96,51,13,"meeting_06",7302,7320,18,"beatrice_padovani","ufpe","instituicao_de_ensino_e_pesquisa",NA
"beatrice_padovani_ufpe",625,51,27,"meeting_02",4601,4624,23,"beatrice_padovani","ufpe","instituicao_de_ensino_e_pesquisa",NA
"beatrice_padovani_ufpe",90,51,13,"meeting_06",5319,5337,18,"beatrice_padovani","ufpe","instituicao_de_ensino_e_pesquisa",NA
"beatrice_padovani_ufpe",2662,51,13,"meeting_06",9812,10055,243,"beatrice_padovani","ufpe","instituicao_de_ensino_e_pesquisa",NA
"beatrice_padovani_ufpe",2607,51,27,"meeting_02",2144,2247,103,"beatrice_padovani","ufpe","instituicao_de_ensino_e_pesquisa",NA
"beatrice_padovani_ufpe",628,51,27,"meeting_02",4942,4968,26,"beatrice_padovani","ufpe","instituicao_de_ensino_e_pesquisa",NA
"beatrice_padovani_ufpe",611,51,27,"meeting_02",3853,3871,18,"beatrice_padovani","ufpe","instituicao_de_ensino_e_pesquisa",NA
"camila_keiko_sos_mata_atlantica",87,45,13,"meeting_06",2505,2517,12,"camila_keiko","sos_mata_atlantica","ongs_ambientalistas",NA
"camila_keiko_sos_mata_atlantica",718,45,13,"meeting_06",3193,3206,13,"camila_keiko","sos_mata_atlantica","ongs_ambientalistas",NA
"carlos_eduardo_gomes_barreto_semarh",1940,134,47,"meeting_25",11413,11577,164,"carlos_eduardo_gomes_barreto","semarh","gestao_publica","poder_publico"
"carlos_eduardo_gomes_barreto_semarh",1504,134,19,"meeting_20",6784,6812,28,"carlos_eduardo_gomes_barreto","semarh","gestao_publica","poder_publico"
"carolina_neves_souza_yande_icmbio",2405,48,52,"meeting_29",14922,15358,436,"carolina_neves_souza","yande_icmbio","organizacoes_de_educacao_e_cultura_e_associacoes_comunitarias","sociedade_civil"
"carolina_neves_souza_yande_icmbio",1306,48,33,"meeting_10",6356,6371,15,"carolina_neves_souza","yande_icmbio","organizacoes_de_educacao_e_cultura_e_associacoes_comunitarias","sociedade_civil"
"carolina_neves_souza_yande_icmbio",1757,48,21,"meeting_22",19157,19162,5,"carolina_neves_souza","yande_icmbio","organizacoes_de_educacao_e_cultura_e_associacoes_comunitarias","sociedade_civil"
"carolina_neves_souza_yande_icmbio",347,48,3,"meeting_18",9994,10015,21,"carolina_neves_souza","yande_icmbio","organizacoes_de_educacao_e_cultura_e_associacoes_comunitarias","sociedade_civil"
"carolina_neves_souza_yande_icmbio",2380,48,52,"meeting_29",10158,10318,160,"carolina_neves_souza","yande_icmbio","organizacoes_de_educacao_e_cultura_e_associacoes_comunitarias","sociedade_civil"
"carolina_neves_souza_yande_icmbio",766,48,1,"meeting_08",2843,2857,14,"carolina_neves_souza","yande_icmbio","organizacoes_de_educacao_e_cultura_e_associacoes_comunitarias","sociedade_civil"
"carolina_neves_souza_yande_icmbio",1187,48,17,"meeting_14",8209,8223,14,"carolina_neves_souza","yande_icmbio","organizacoes_de_educacao_e_cultura_e_associacoes_comunitarias","sociedade_civil"
"carolina_neves_souza_yande_icmbio",1046,48,31,"meeting_12",5175,5189,14,"carolina_neves_souza","yande_icmbio","organizacoes_de_educacao_e_cultura_e_associacoes_comunitarias","sociedade_civil"
"carolina_neves_souza_yande_icmbio",83,48,13,"meeting_06",2880,2894,14,"carolina_neves_souza","yande_icmbio","organizacoes_de_educacao_e_cultura_e_associacoes_comunitarias","sociedade_civil"
"carolina_neves_souza_yande_icmbio",1122,48,31,"meeting_12",19766,19774,8,"carolina_neves_souza","yande_icmbio","organizacoes_de_educacao_e_cultura_e_associacoes_comunitarias","sociedade_civil"
"carolina_neves_souza_yande_icmbio",2718,48,31,"meeting_12",1178,1200,22,"carolina_neves_souza","yande_icmbio","organizacoes_de_educacao_e_cultura_e_associacoes_comunitarias","sociedade_civil"
"carolina_neves_souza_yande_icmbio",1815,48,46,"meeting_24",2545,2903,358,"carolina_neves_souza","yande_icmbio","organizacoes_de_educacao_e_cultura_e_associacoes_comunitarias","sociedade_civil"
"carolina_neves_souza_yande_icmbio",876,48,2,"meeting_09",7232,7246,14,"carolina_neves_souza","yande_icmbio","organizacoes_de_educacao_e_cultura_e_associacoes_comunitarias","sociedade_civil"
"carolina_neves_souza_yande_icmbio",1631,48,20,"meeting_21",11121,11135,14,"carolina_neves_souza","yande_icmbio","organizacoes_de_educacao_e_cultura_e_associacoes_comunitarias","sociedade_civil"
"carolina_neves_souza_yande_icmbio",1293,48,33,"meeting_10",5041,5063,22,"carolina_neves_souza","yande_icmbio","organizacoes_de_educacao_e_cultura_e_associacoes_comunitarias","sociedade_civil"
"carolina_neves_souza_yande_icmbio",1664,48,20,"meeting_21",19819,19833,14,"carolina_neves_souza","yande_icmbio","organizacoes_de_educacao_e_cultura_e_associacoes_comunitarias","sociedade_civil"
"carolina_neves_souza_yande_icmbio",1153,48,17,"meeting_14",904,926,22,"carolina_neves_souza","yande_icmbio","organizacoes_de_educacao_e_cultura_e_associacoes_comunitarias","sociedade_civil"
"carolina_neves_souza_yande_icmbio",1746,48,21,"meeting_22",16210,16236,26,"carolina_neves_souza","yande_icmbio","organizacoes_de_educacao_e_cultura_e_associacoes_comunitarias","sociedade_civil"
"carolina_neves_souza_yande_icmbio",1595,48,19,"meeting_20",24007,24022,15,"carolina_neves_souza","yande_icmbio","organizacoes_de_educacao_e_cultura_e_associacoes_comunitarias","sociedade_civil"
"carolina_neves_souza_yande_icmbio",1210,48,17,"meeting_14",12389,12403,14,"carolina_neves_souza","yande_icmbio","organizacoes_de_educacao_e_cultura_e_associacoes_comunitarias","sociedade_civil"
"carolina_neves_souza_yande_icmbio",1001,48,16,"meeting_11",3066,3071,5,"carolina_neves_souza","yande_icmbio","organizacoes_de_educacao_e_cultura_e_associacoes_comunitarias","sociedade_civil"
"carolina_neves_souza_yande_icmbio",311,48,3,"meeting_18",2116,2130,14,"carolina_neves_souza","yande_icmbio","organizacoes_de_educacao_e_cultura_e_associacoes_comunitarias","sociedade_civil"
"carolina_neves_souza_yande_icmbio",338,48,3,"meeting_18",7663,7678,15,"carolina_neves_souza","yande_icmbio","organizacoes_de_educacao_e_cultura_e_associacoes_comunitarias","sociedade_civil"
"carolina_neves_souza_yande_icmbio",2394,48,52,"meeting_29",13061,13144,83,"carolina_neves_souza","yande_icmbio","organizacoes_de_educacao_e_cultura_e_associacoes_comunitarias","sociedade_civil"
"carolina_neves_souza_yande_icmbio",1391,48,44,"meeting_16",6997,7010,13,"carolina_neves_souza","yande_icmbio","organizacoes_de_educacao_e_cultura_e_associacoes_comunitarias","sociedade_civil"
"cicero_de_oliveira_aribama",684,98,24,"meeting_03",5247,5275,28,"cicero_de_oliveira","aribama","atividade_turistica","sociedade_civil"
"cicero_de_oliveira_aribama",674,98,24,"meeting_03",5022,5050,28,"cicero_de_oliveira","aribama","atividade_turistica","sociedade_civil"
"cristian_bernem_mpa_al",164,70,24,"meeting_03",4734,4751,17,"cristian_bernem","mpa_al","gestao_publica","poder_publico"
"danilo_marx_nascimento_carvalho_nautica_ambiental",1307,23,33,"meeting_10",6372,6385,13,"danilo_marx_nascimento_carvalho","nautica_ambiental","atividade_turistica","sociedade_civil"
"danilo_marx_nascimento_carvalho_nautica_ambiental",1147,23,31,"meeting_12",19273,19284,11,"danilo_marx_nascimento_carvalho","nautica_ambiental","atividade_turistica","sociedade_civil"
"danilo_marx_nascimento_carvalho_nautica_ambiental",1140,23,31,"meeting_12",19092,19113,21,"danilo_marx_nascimento_carvalho","nautica_ambiental","atividade_turistica","sociedade_civil"
"danilo_marx_nascimento_carvalho_nautica_ambiental",1329,23,33,"meeting_10",9813,9819,6,"danilo_marx_nascimento_carvalho","nautica_ambiental","atividade_turistica","sociedade_civil"
"danilo_marx_nascimento_carvalho_nautica_ambiental",33,23,4,"meeting_01",424,436,12,"danilo_marx_nascimento_carvalho","nautica_ambiental","atividade_turistica","sociedade_civil"
"danilo_marx_nascimento_carvalho_nautica_ambiental",129,23,13,"meeting_06",15380,15391,11,"danilo_marx_nascimento_carvalho","nautica_ambiental","atividade_turistica","sociedade_civil"
"danilo_marx_nascimento_carvalho_nautica_ambiental",1294,23,33,"meeting_10",5316,5348,32,"danilo_marx_nascimento_carvalho","nautica_ambiental","atividade_turistica","sociedade_civil"
"danilo_marx_nascimento_carvalho_nautica_ambiental",847,23,1,"meeting_08",16407,16418,11,"danilo_marx_nascimento_carvalho","nautica_ambiental","atividade_turistica","sociedade_civil"
"danilo_marx_nascimento_carvalho_nautica_ambiental",1356,23,33,"meeting_10",15615,15621,6,"danilo_marx_nascimento_carvalho","nautica_ambiental","atividade_turistica","sociedade_civil"
"darlany_benedita_sa_rocha_mpa_pe",165,71,24,"meeting_03",4774,4788,14,"darlany_benedita_sa_rocha","mpa_pe","gestao_publica","poder_publico"
"enilde_lima_oliveira_z9",2083,127,48,"meeting_26",20814,20935,121,"enilde_lima_oliveira","z9","atividade_pesqueira","sociedade_civil"
"enilde_lima_oliveira_z9",1315,127,33,"meeting_10",7806,7828,22,"enilde_lima_oliveira","z9","atividade_pesqueira","sociedade_civil"
"ernando_ferreira_pinto_ajambasa",1084,120,31,"meeting_12",13327,13351,24,"ernando_ferreira_pinto","ajambasa","atividade_turistica","sociedade_civil"
"ernando_ferreira_pinto_ajambasa",1133,120,31,"meeting_12",18938,18957,19,"ernando_ferreira_pinto","ajambasa","atividade_turistica","sociedade_civil"
"ernando_ferreira_pinto_ajambasa",1142,120,31,"meeting_12",19155,19173,18,"ernando_ferreira_pinto","ajambasa","atividade_turistica","sociedade_civil"
"fabiano_pimentel_ribeiro_cepene",1755,114,21,"meeting_22",18322,18329,7,"fabiano_pimentel_ribeiro","cepene","gestao_publica","poder_publico"
"fabiano_pimentel_ribeiro_cepene",2354,114,52,"meeting_29",1842,2556,714,"fabiano_pimentel_ribeiro","cepene","gestao_publica","poder_publico"
"fabiano_pimentel_ribeiro_cepene",1332,114,33,"meeting_10",9983,9990,7,"fabiano_pimentel_ribeiro","cepene","gestao_publica","poder_publico"
"fabiano_pimentel_ribeiro_cepene",2719,114,31,"meeting_12",1291,1315,24,"fabiano_pimentel_ribeiro","cepene","gestao_publica","poder_publico"
"fabiano_pimentel_ribeiro_cepene",1889,114,46,"meeting_24",15933,16235,302,"fabiano_pimentel_ribeiro","cepene","gestao_publica","poder_publico"
"fabiano_pimentel_ribeiro_cepene",1004,114,16,"meeting_11",4698,4705,7,"fabiano_pimentel_ribeiro","cepene","gestao_publica","poder_publico"
"fabiano_pimentel_ribeiro_cepene",1482,114,19,"meeting_20",1988,2005,17,"fabiano_pimentel_ribeiro","cepene","gestao_publica","poder_publico"
"fabiano_pimentel_ribeiro_cepene",1314,114,33,"meeting_10",7780,7805,25,"fabiano_pimentel_ribeiro","cepene","gestao_publica","poder_publico"
"fabiano_pimentel_ribeiro_cepene",1627,114,20,"meeting_21",9787,9814,27,"fabiano_pimentel_ribeiro","cepene","gestao_publica","poder_publico"
"fabiano_pimentel_ribeiro_cepene",1040,114,31,"meeting_12",2475,2500,25,"fabiano_pimentel_ribeiro","cepene","gestao_publica","poder_publico"
"fabiano_pimentel_ribeiro_cepene",2391,114,52,"meeting_29",12488,12694,206,"fabiano_pimentel_ribeiro","cepene","gestao_publica","poder_publico"
"fabiano_pimentel_ribeiro_cepene",987,114,16,"meeting_11",2079,2112,33,"fabiano_pimentel_ribeiro","cepene","gestao_publica","poder_publico"
"fabiano_pimentel_ribeiro_cepene",1025,114,16,"meeting_11",7854,7861,7,"fabiano_pimentel_ribeiro","cepene","gestao_publica","poder_publico"
"francis_hurst_oliveira_da_fonseca_sedetur_al",1794,83,22,"meeting_23",12997,13023,26,"francis_hurst_oliveira_da_fonseca","sedetur_al","gestao_publica","poder_publico"
"francis_hurst_oliveira_da_fonseca_sedetur_al",354,83,3,"meeting_18",11068,11081,13,"francis_hurst_oliveira_da_fonseca","sedetur_al","gestao_publica","poder_publico"
"gabriela_calixto_icmbio",2389,187,52,"meeting_29",11991,12217,226,"gabriela_calixto","icmbio","gestao_publica",NA
"gabriela_calixto_icmbio",2379,187,52,"meeting_29",9536,9994,458,"gabriela_calixto","icmbio","gestao_publica",NA
"gabriela_calixto_icmbio",2407,187,52,"meeting_29",15594,15792,198,"gabriela_calixto","icmbio","gestao_publica",NA
"gabriela_calixto_icmbio",2399,187,52,"meeting_29",14061,14205,144,"gabriela_calixto","icmbio","gestao_publica",NA
"gabriela_calixto_icmbio",2376,187,52,"meeting_29",8612,8937,325,"gabriela_calixto","icmbio","gestao_publica",NA
"gabriela_calixto_icmbio",2412,187,52,"meeting_29",16298,16604,306,"gabriela_calixto","icmbio","gestao_publica",NA
"gabriela_calixto_icmbio",2384,187,52,"meeting_29",10851,11231,380,"gabriela_calixto","icmbio","gestao_publica",NA
"gabriela_calixto_icmbio",2580,187,51,"meeting_31",13772,14190,418,"gabriela_calixto","icmbio","gestao_publica",NA
"gabriela_calixto_icmbio",2273,187,50,"meeting_28",10041,10117,76,"gabriela_calixto","icmbio","gestao_publica",NA
"gabriela_calixto_icmbio",2410,187,52,"meeting_29",15916,16075,159,"gabriela_calixto","icmbio","gestao_publica",NA
"gabriela_calixto_icmbio",2270,187,50,"meeting_28",8782,9283,501,"gabriela_calixto","icmbio","gestao_publica",NA
"gabriela_calixto_icmbio",2585,187,51,"meeting_31",15867,16913,1046,"gabriela_calixto","icmbio","gestao_publica",NA
"gabriela_calixto_icmbio",2582,187,51,"meeting_31",14292,14376,84,"gabriela_calixto","icmbio","gestao_publica",NA
"gandh_gouveia_pmsmm",1215,102,32,"meeting_04",2428,2434,6,"gandh_gouveia","pmsmm","gestao_publica","poder_publico"
"gandh_gouveia_pmsmm",2682,102,1,"meeting_08",4213,4373,160,"gandh_gouveia","pmsmm","gestao_publica","poder_publico"
"gandh_gouveia_pmsmm",685,102,24,"meeting_03",5276,5319,43,"gandh_gouveia","pmsmm","gestao_publica","poder_publico"
"gandh_gouveia_pmsmm",874,102,2,"meeting_09",6416,6430,14,"gandh_gouveia","pmsmm","gestao_publica","poder_publico"
"gandh_gouveia_pmsmm",854,102,2,"meeting_09",1328,1346,18,"gandh_gouveia","pmsmm","gestao_publica","poder_publico"
"gandh_gouveia_pmsmm",851,102,1,"meeting_08",17432,17446,14,"gandh_gouveia","pmsmm","gestao_publica","poder_publico"
"gandh_gouveia_pmsmm",1258,102,32,"meeting_04",10590,10604,14,"gandh_gouveia","pmsmm","gestao_publica","poder_publico"
"gandh_gouveia_pmsmm",795,102,1,"meeting_08",9325,9338,13,"gandh_gouveia","pmsmm","gestao_publica","poder_publico"
"gisela_carvalho_spu_pe",2606,31,27,"meeting_02",2065,2144,79,"gisela_carvalho","spu_pe","gestao_publica","poder_publico"
"gisela_carvalho_spu_pe",675,31,24,"meeting_03",5051,5075,24,"gisela_carvalho","spu_pe","gestao_publica","poder_publico"
"gisela_carvalho_spu_pe",67,31,4,"meeting_01",4825,4841,16,"gisela_carvalho","spu_pe","gestao_publica","poder_publico"
"gisela_carvalho_spu_pe",49,31,4,"meeting_01",2560,2576,16,"gisela_carvalho","spu_pe","gestao_publica","poder_publico"
"hedyane_ircos",2488,195,53,"meeting_30",20691,20876,185,"hedyane","ircos","ongs_ambientalistas",NA
"iara_braga_sommer_cepene",2577,126,51,"meeting_31",13221,13316,95,"iara_braga_sommer","cepene","instituicao_de_ensino_e_pesquisa","poder_publico"
"iara_braga_sommer_cepene",2013,126,48,"meeting_26",4783,4952,169,"iara_braga_sommer","cepene","instituicao_de_ensino_e_pesquisa","poder_publico"
"iara_braga_sommer_cepene",1280,126,33,"meeting_10",2966,2979,13,"iara_braga_sommer","cepene","instituicao_de_ensino_e_pesquisa","poder_publico"
"iran_campello_normande_icmbio",1895,47,47,"meeting_25",1088,1404,316,"iran_campello_normande","icmbio","gestao_publica","poder_publico"
"iran_campello_normande_icmbio",2182,47,49,"meeting_27",11491,11851,360,"iran_campello_normande","icmbio","gestao_publica","poder_publico"
"iran_campello_normande_icmbio",2145,47,49,"meeting_27",4021,4175,154,"iran_campello_normande","icmbio","gestao_publica","poder_publico"
"iran_campello_normande_icmbio",2306,47,50,"meeting_28",20831,20945,114,"iran_campello_normande","icmbio","gestao_publica","poder_publico"
"iran_campello_normande_icmbio",351,47,3,"meeting_18",10910,10914,4,"iran_campello_normande","icmbio","gestao_publica","poder_publico"
"iran_campello_normande_icmbio",796,47,1,"meeting_08",9340,9354,14,"iran_campello_normande","icmbio","gestao_publica","poder_publico"
"iran_campello_normande_icmbio",2841,47,21,"meeting_22",6764,6776,12,"iran_campello_normande","icmbio","gestao_publica","poder_publico"
"iran_campello_normande_icmbio",2161,47,49,"meeting_27",7008,7115,107,"iran_campello_normande","icmbio","gestao_publica","poder_publico"
"iran_campello_normande_icmbio",2415,47,52,"meeting_29",17086,17222,136,"iran_campello_normande","icmbio","gestao_publica","poder_publico"
"iran_campello_normande_icmbio",2032,47,48,"meeting_26",10047,10151,104,"iran_campello_normande","icmbio","gestao_publica","poder_publico"
"iran_campello_normande_icmbio",1837,47,46,"meeting_24",7874,8033,159,"iran_campello_normande","icmbio","gestao_publica","poder_publico"
"iran_campello_normande_icmbio",2403,47,52,"meeting_29",14741,14841,100,"iran_campello_normande","icmbio","gestao_publica","poder_publico"
"iran_campello_normande_icmbio",2019,47,48,"meeting_26",7091,7307,216,"iran_campello_normande","icmbio","gestao_publica","poder_publico"
"iran_campello_normande_icmbio",2168,47,49,"meeting_27",8368,8615,247,"iran_campello_normande","icmbio","gestao_publica","poder_publico"
"iran_campello_normande_icmbio",2022,47,48,"meeting_26",7675,7828,153,"iran_campello_normande","icmbio","gestao_publica","poder_publico"
"iran_campello_normande_icmbio",2413,47,52,"meeting_29",16608,16932,324,"iran_campello_normande","icmbio","gestao_publica","poder_publico"
"iran_campello_normande_icmbio",2165,47,49,"meeting_27",7732,7819,87,"iran_campello_normande","icmbio","gestao_publica","poder_publico"
"iran_campello_normande_icmbio",2265,47,50,"meeting_28",7593,7754,161,"iran_campello_normande","icmbio","gestao_publica","poder_publico"
"iran_campello_normande_icmbio",2177,47,49,"meeting_27",10948,11041,93,"iran_campello_normande","icmbio","gestao_publica","poder_publico"
"iran_campello_normande_icmbio",1962,47,47,"meeting_25",15426,15750,324,"iran_campello_normande","icmbio","gestao_publica","poder_publico"
"iran_campello_normande_icmbio",881,47,2,"meeting_09",10074,10087,13,"iran_campello_normande","icmbio","gestao_publica","poder_publico"
"iran_campello_normande_icmbio",2301,47,50,"meeting_28",18462,18576,114,"iran_campello_normande","icmbio","gestao_publica","poder_publico"
"iran_campello_normande_icmbio",1909,47,47,"meeting_25",4170,4587,417,"iran_campello_normande","icmbio","gestao_publica","poder_publico"
"iran_campello_normande_icmbio",2292,47,50,"meeting_28",15859,16715,856,"iran_campello_normande","icmbio","gestao_publica","poder_publico"
"iran_campello_normande_icmbio",993,47,16,"meeting_11",2495,2507,12,"iran_campello_normande","icmbio","gestao_publica","poder_publico"
"iran_campello_normande_icmbio",2044,47,48,"meeting_26",13138,13371,233,"iran_campello_normande","icmbio","gestao_publica","poder_publico"
"iran_campello_normande_icmbio",1851,47,46,"meeting_24",9787,9986,199,"iran_campello_normande","icmbio","gestao_publica","poder_publico"
"iran_campello_normande_icmbio",2158,47,49,"meeting_27",6500,6582,82,"iran_campello_normande","icmbio","gestao_publica","poder_publico"
"iran_campello_normande_icmbio",2845,47,21,"meeting_22",8691,8703,12,"iran_campello_normande","icmbio","gestao_publica","poder_publico"
"iran_campello_normande_icmbio",2281,47,50,"meeting_28",11201,11465,264,"iran_campello_normande","icmbio","gestao_publica","poder_publico"
"iran_campello_normande_icmbio",1361,47,33,"meeting_10",16069,16073,4,"iran_campello_normande","icmbio","gestao_publica","poder_publico"
"iran_campello_normande_icmbio",2314,47,50,"meeting_28",22767,22965,198,"iran_campello_normande","icmbio","gestao_publica","poder_publico"
"iran_campello_normande_icmbio",180,47,12,"meeting_05",3681,3699,18,"iran_campello_normande","icmbio","gestao_publica","poder_publico"
"iran_campello_normande_icmbio",1102,47,31,"meeting_12",16467,16487,20,"iran_campello_normande","icmbio","gestao_publica","poder_publico"
"iran_campello_normande_icmbio",1281,47,33,"meeting_10",2981,2996,15,"iran_campello_normande","icmbio","gestao_publica","poder_publico"
"iran_campello_normande_icmbio",1835,47,46,"meeting_24",7631,7808,177,"iran_campello_normande","icmbio","gestao_publica","poder_publico"
"iran_campello_normande_icmbio",2555,47,51,"meeting_31",2214,2769,555,"iran_campello_normande","icmbio","gestao_publica","poder_publico"
"iran_campello_normande_icmbio",2042,47,48,"meeting_26",12490,12915,425,"iran_campello_normande","icmbio","gestao_publica","poder_publico"
"iran_campello_normande_icmbio",2001,47,48,"meeting_26",2186,2256,70,"iran_campello_normande","icmbio","gestao_publica","poder_publico"
"iran_campello_normande_icmbio",1905,47,47,"meeting_25",2242,2617,375,"iran_campello_normande","icmbio","gestao_publica","poder_publico"
"iran_campello_normande_icmbio",2073,47,48,"meeting_26",18447,18727,280,"iran_campello_normande","icmbio","gestao_publica","poder_publico"
"iran_campello_normande_icmbio",2153,47,49,"meeting_27",5513,5676,163,"iran_campello_normande","icmbio","gestao_publica","poder_publico"
"iran_campello_normande_icmbio",1899,47,47,"meeting_25",2017,2151,134,"iran_campello_normande","icmbio","gestao_publica","poder_publico"
"iran_campello_normande_icmbio",1817,47,46,"meeting_24",3170,3707,537,"iran_campello_normande","icmbio","gestao_publica","poder_publico"
"iran_campello_normande_icmbio",2134,47,49,"meeting_27",775,1043,268,"iran_campello_normande","icmbio","gestao_publica","poder_publico"
"iran_campello_normande_icmbio",2188,47,49,"meeting_27",13605,13753,148,"iran_campello_normande","icmbio","gestao_publica","poder_publico"
"iran_campello_normande_icmbio",2028,47,48,"meeting_26",8676,9341,665,"iran_campello_normande","icmbio","gestao_publica","poder_publico"
"iran_campello_normande_icmbio",833,47,1,"meeting_08",11843,11856,13,"iran_campello_normande","icmbio","gestao_publica","poder_publico"
"iran_campello_normande_icmbio",2085,47,48,"meeting_26",21150,21254,104,"iran_campello_normande","icmbio","gestao_publica","poder_publico"
"iran_campello_normande_icmbio",2151,47,49,"meeting_27",4991,5397,406,"iran_campello_normande","icmbio","gestao_publica","poder_publico"
"iran_campello_normande_icmbio",2184,47,49,"meeting_27",11959,12667,708,"iran_campello_normande","icmbio","gestao_publica","poder_publico"
"iran_campello_normande_icmbio",2058,47,48,"meeting_26",16106,16226,120,"iran_campello_normande","icmbio","gestao_publica","poder_publico"
"iran_campello_normande_icmbio",2251,47,50,"meeting_28",4074,4670,596,"iran_campello_normande","icmbio","gestao_publica","poder_publico"
"iran_campello_normande_icmbio",2870,47,21,"meeting_22",26610,26630,20,"iran_campello_normande","icmbio","gestao_publica","poder_publico"
"iran_campello_normande_icmbio",2076,47,48,"meeting_26",19451,19577,126,"iran_campello_normande","icmbio","gestao_publica","poder_publico"
"iran_campello_normande_icmbio",1115,47,31,"meeting_12",18753,18763,10,"iran_campello_normande","icmbio","gestao_publica","poder_publico"
"iran_campello_normande_icmbio",2036,47,48,"meeting_26",10798,11352,554,"iran_campello_normande","icmbio","gestao_publica","poder_publico"
"iran_campello_normande_icmbio",363,47,18,"meeting_19",1113,1126,13,"iran_campello_normande","icmbio","gestao_publica","poder_publico"
"iran_campello_normande_icmbio",2299,47,50,"meeting_28",18274,18400,126,"iran_campello_normande","icmbio","gestao_publica","poder_publico"
"iran_campello_normande_icmbio",1843,47,46,"meeting_24",8828,8965,137,"iran_campello_normande","icmbio","gestao_publica","poder_publico"
"iran_campello_normande_icmbio",2135,47,49,"meeting_27",1087,1690,603,"iran_campello_normande","icmbio","gestao_publica","poder_publico"
"iran_campello_normande_icmbio",2015,47,48,"meeting_26",5136,6315,1179,"iran_campello_normande","icmbio","gestao_publica","poder_publico"
"iran_campello_normande_icmbio",2039,47,48,"meeting_26",11661,11967,306,"iran_campello_normande","icmbio","gestao_publica","poder_publico"
"iran_campello_normande_icmbio",84,47,13,"meeting_06",2821,2835,14,"iran_campello_normande","icmbio","gestao_publica","poder_publico"
"iran_campello_normande_icmbio",2071,47,48,"meeting_26",18202,18317,115,"iran_campello_normande","icmbio","gestao_publica","poder_publico"
"iran_campello_normande_icmbio",2156,47,49,"meeting_27",6005,6323,318,"iran_campello_normande","icmbio","gestao_publica","poder_publico"
"iran_campello_normande_icmbio",307,47,3,"meeting_18",1401,1414,13,"iran_campello_normande","icmbio","gestao_publica","poder_publico"
"iran_campello_normande_icmbio",2196,47,49,"meeting_27",14922,15095,173,"iran_campello_normande","icmbio","gestao_publica","poder_publico"
"iran_campello_normande_icmbio",2090,47,48,"meeting_26",22073,22188,115,"iran_campello_normande","icmbio","gestao_publica","poder_publico"
"iran_campello_normande_icmbio",1897,47,47,"meeting_25",1676,1920,244,"iran_campello_normande","icmbio","gestao_publica","poder_publico"
"iran_campello_normande_icmbio",359,47,3,"meeting_18",12590,12604,14,"iran_campello_normande","icmbio","gestao_publica","poder_publico"
"iran_campello_normande_icmbio",2065,47,48,"meeting_26",17149,17211,62,"iran_campello_normande","icmbio","gestao_publica","poder_publico"
"iran_campello_normande_icmbio",2105,47,48,"meeting_26",24385,24491,106,"iran_campello_normande","icmbio","gestao_publica","poder_publico"
"iran_campello_normande_icmbio",1831,47,46,"meeting_24",6388,7046,658,"iran_campello_normande","icmbio","gestao_publica","poder_publico"
"iran_campello_normande_icmbio",2853,47,21,"meeting_22",12973,13140,167,"iran_campello_normande","icmbio","gestao_publica","poder_publico"
"iran_campello_normande_icmbio",2056,47,48,"meeting_26",15078,15916,838,"iran_campello_normande","icmbio","gestao_publica","poder_publico"
"iran_campello_normande_icmbio",1807,47,46,"meeting_24",1865,2111,246,"iran_campello_normande","icmbio","gestao_publica","poder_publico"
"iran_campello_normande_icmbio",1932,47,47,"meeting_25",9340,9409,69,"iran_campello_normande","icmbio","gestao_publica","poder_publico"
"iran_campello_normande_icmbio",2303,47,50,"meeting_28",18698,19582,884,"iran_campello_normande","icmbio","gestao_publica","poder_publico"
"iran_campello_normande_icmbio",1849,47,46,"meeting_24",9567,9707,140,"iran_campello_normande","icmbio","gestao_publica","poder_publico"
"iran_campello_normande_icmbio",2087,47,48,"meeting_26",21501,21615,114,"iran_campello_normande","icmbio","gestao_publica","poder_publico"
"iran_campello_normande_icmbio",2147,47,49,"meeting_27",4290,4391,101,"iran_campello_normande","icmbio","gestao_publica","poder_publico"
"iran_campello_normande_icmbio",2862,47,21,"meeting_22",21332,21345,13,"iran_campello_normande","icmbio","gestao_publica","poder_publico"
"iran_campello_normande_icmbio",1829,47,46,"meeting_24",6059,6213,154,"iran_campello_normande","icmbio","gestao_publica","poder_publico"
"iran_campello_normande_icmbio",2078,47,48,"meeting_26",19780,19886,106,"iran_campello_normande","icmbio","gestao_publica","poder_publico"
"iran_campello_normande_icmbio",2203,47,49,"meeting_27",15694,16479,785,"iran_campello_normande","icmbio","gestao_publica","poder_publico"
"iran_campello_normande_icmbio",2009,47,48,"meeting_26",3884,4013,129,"iran_campello_normande","icmbio","gestao_publica","poder_publico"
"iran_campello_normande_icmbio",1833,47,46,"meeting_24",7123,7377,254,"iran_campello_normande","icmbio","gestao_publica","poder_publico"
"iran_campello_normande_icmbio",94,47,13,"meeting_06",6715,6729,14,"iran_campello_normande","icmbio","gestao_publica","poder_publico"
"iran_campello_normande_icmbio",128,47,13,"meeting_06",15364,15378,14,"iran_campello_normande","icmbio","gestao_publica","poder_publico"
"iran_campello_normande_icmbio",2856,47,21,"meeting_22",14573,14748,175,"iran_campello_normande","icmbio","gestao_publica","poder_publico"
"iran_campello_normande_icmbio",2854,47,21,"meeting_22",13874,13886,12,"iran_campello_normande","icmbio","gestao_publica","poder_publico"
"iran_campello_normande_icmbio",1942,47,47,"meeting_25",11865,11971,106,"iran_campello_normande","icmbio","gestao_publica","poder_publico"
"iran_campello_normande_icmbio",2069,47,48,"meeting_26",17653,17861,208,"iran_campello_normande","icmbio","gestao_publica","poder_publico"
"iran_campello_normande_icmbio",1968,47,47,"meeting_25",16479,16568,89,"iran_campello_normande","icmbio","gestao_publica","poder_publico"
"iran_campello_normande_icmbio",2007,47,48,"meeting_26",3487,3652,165,"iran_campello_normande","icmbio","gestao_publica","poder_publico"
"iran_campello_normande_icmbio",1926,47,47,"meeting_25",8303,8571,268,"iran_campello_normande","icmbio","gestao_publica","poder_publico"
"iran_campello_normande_icmbio",2174,47,49,"meeting_27",10533,10687,154,"iran_campello_normande","icmbio","gestao_publica","poder_publico"
"iran_campello_normande_icmbio",1955,47,47,"meeting_25",14260,14327,67,"iran_campello_normande","icmbio","gestao_publica","poder_publico"
"iran_campello_normande_icmbio",2367,47,52,"meeting_29",5230,5487,257,"iran_campello_normande","icmbio","gestao_publica","poder_publico"
"iran_campello_normande_icmbio",844,47,1,"meeting_08",16641,16655,14,"iran_campello_normande","icmbio","gestao_publica","poder_publico"
"iran_campello_normande_icmbio",1871,47,46,"meeting_24",13337,13384,47,"iran_campello_normande","icmbio","gestao_publica","poder_publico"
"iran_campello_normande_icmbio",607,47,27,"meeting_02",3432,3454,22,"iran_campello_normande","icmbio","gestao_publica","poder_publico"
"iran_campello_normande_icmbio",2136,47,49,"meeting_27",1701,2072,371,"iran_campello_normande","icmbio","gestao_publica","poder_publico"
"iran_campello_normande_icmbio",2179,47,49,"meeting_27",11161,11283,122,"iran_campello_normande","icmbio","gestao_publica","poder_publico"
"iran_campello_normande_icmbio",1846,47,46,"meeting_24",9286,9481,195,"iran_campello_normande","icmbio","gestao_publica","poder_publico"
"iran_campello_normande_icmbio",1012,47,16,"meeting_11",6343,6366,23,"iran_campello_normande","icmbio","gestao_publica","poder_publico"
"iran_campello_normande_icmbio",2186,47,49,"meeting_27",13012,13219,207,"iran_campello_normande","icmbio","gestao_publica","poder_publico"
"iran_campello_normande_icmbio",2171,47,49,"meeting_27",9581,10174,593,"iran_campello_normande","icmbio","gestao_publica","poder_publico"
"iran_campello_normande_icmbio",1977,47,47,"meeting_25",17798,17986,188,"iran_campello_normande","icmbio","gestao_publica","poder_publico"
"iran_campello_normande_icmbio",2294,47,50,"meeting_28",16812,16987,175,"iran_campello_normande","icmbio","gestao_publica","poder_publico"
"iran_campello_normande_icmbio",624,47,27,"meeting_02",4588,4597,9,"iran_campello_normande","icmbio","gestao_publica","poder_publico"
"iran_campello_normande_icmbio",2297,47,50,"meeting_28",17233,17955,722,"iran_campello_normande","icmbio","gestao_publica","poder_publico"
"iran_campello_normande_icmbio",2080,47,48,"meeting_26",20195,20488,293,"iran_campello_normande","icmbio","gestao_publica","poder_publico"
"iran_campello_normande_icmbio",1170,47,17,"meeting_14",4685,4707,22,"iran_campello_normande","icmbio","gestao_publica","poder_publico"
"iran_campello_normande_icmbio",1841,47,46,"meeting_24",8533,8618,85,"iran_campello_normande","icmbio","gestao_publica","poder_publico"
"iran_campello_normande_icmbio",1859,47,46,"meeting_24",10836,11010,174,"iran_campello_normande","icmbio","gestao_publica","poder_publico"
"iran_campello_normande_icmbio",2191,47,49,"meeting_27",13970,14114,144,"iran_campello_normande","icmbio","gestao_publica","poder_publico"
"iran_campello_normande_icmbio",2095,47,48,"meeting_26",23026,23102,76,"iran_campello_normande","icmbio","gestao_publica","poder_publico"
"iran_campello_normande_icmbio",2103,47,48,"meeting_26",24149,24246,97,"iran_campello_normande","icmbio","gestao_publica","poder_publico"
"iran_campello_normande_icmbio",2010,47,48,"meeting_26",4168,4303,135,"iran_campello_normande","icmbio","gestao_publica","poder_publico"
"iran_campello_normande_icmbio",199,47,12,"meeting_05",7021,7039,18,"iran_campello_normande","icmbio","gestao_publica","poder_publico"
"iran_campello_normande_icmbio",2873,47,21,"meeting_22",29820,29830,10,"iran_campello_normande","icmbio","gestao_publica","poder_publico"
"iran_campello_normande_icmbio",1320,47,33,"meeting_10",8972,8992,20,"iran_campello_normande","icmbio","gestao_publica","poder_publico"
"iran_campello_normande_icmbio",2101,47,48,"meeting_26",23831,24023,192,"iran_campello_normande","icmbio","gestao_publica","poder_publico"
"iran_campello_normande_icmbio",1880,47,46,"meeting_24",14950,15010,60,"iran_campello_normande","icmbio","gestao_publica","poder_publico"
"izabel_cristina_chagas_sap_pmpc",1653,136,20,"meeting_21",16912,16918,6,"izabel_cristina_chagas","sap_pmpc","gestao_publica","poder_publico"
"izabel_cristina_chagas_sap_pmpc",2520,136,53,"meeting_30",25951,26029,78,"izabel_cristina_chagas","sap_pmpc","gestao_publica","poder_publico"
"izabel_cristina_chagas_sap_pmpc",2456,136,53,"meeting_30",6784,7076,292,"izabel_cristina_chagas","sap_pmpc","gestao_publica","poder_publico"
"izabel_cristina_chagas_sap_pmpc",2077,136,48,"meeting_26",19593,19766,173,"izabel_cristina_chagas","sap_pmpc","gestao_publica","poder_publico"
"izabel_cristina_chagas_sap_pmpc",2012,136,48,"meeting_26",4541,4768,227,"izabel_cristina_chagas","sap_pmpc","gestao_publica","poder_publico"
"izabel_cristina_chagas_sap_pmpc",1738,136,21,"meeting_22",14117,14123,6,"izabel_cristina_chagas","sap_pmpc","gestao_publica","poder_publico"
"izabel_cristina_chagas_sap_pmpc",1520,136,19,"meeting_20",8246,8252,6,"izabel_cristina_chagas","sap_pmpc","gestao_publica","poder_publico"
"izabel_cristina_chagas_sap_pmpc",2396,136,52,"meeting_29",13532,13636,104,"izabel_cristina_chagas","sap_pmpc","gestao_publica","poder_publico"
"izabel_cristina_chagas_sap_pmpc",1726,136,21,"meeting_22",10097,10103,6,"izabel_cristina_chagas","sap_pmpc","gestao_publica","poder_publico"
"izabel_cristina_chagas_sap_pmpc",2398,136,52,"meeting_29",13877,13959,82,"izabel_cristina_chagas","sap_pmpc","gestao_publica","poder_publico"
"izabel_cristina_chagas_sap_pmpc",1839,136,46,"meeting_24",8179,8332,153,"izabel_cristina_chagas","sap_pmpc","gestao_publica","poder_publico"
"jeferson_tito_lima_sap_pmpc",2286,188,50,"meeting_28",14212,14340,128,"jeferson_tito_lima","sap_pmpc","gestao_publica","poder_publico"
"jeferson_tito_lima_sap_pmpc",2466,188,53,"meeting_30",11063,11448,385,"jeferson_tito_lima","sap_pmpc","gestao_publica","poder_publico"
"jeferson_tito_lima_sap_pmpc",2271,188,50,"meeting_28",9294,9835,541,"jeferson_tito_lima","sap_pmpc","gestao_publica","poder_publico"
"jeferson_tito_lima_sap_pmpc",2878,188,21,"meeting_22",30853,30966,113,"jeferson_tito_lima","sap_pmpc","gestao_publica","poder_publico"
"jessica_francyne_frias_pmtam",1770,153,21,"meeting_22",24079,24086,7,"jessica_francyne_frias","pmtam","gestao_publica","poder_publico"
"jessica_francyne_frias_pmtam",1933,153,47,"meeting_25",9425,10067,642,"jessica_francyne_frias","pmtam","gestao_publica","poder_publico"
"jessica_francyne_frias_pmtam",1974,153,47,"meeting_25",17104,17461,357,"jessica_francyne_frias","pmtam","gestao_publica","poder_publico"
"jessica_francyne_frias_pmtam",2026,153,48,"meeting_26",8561,8662,101,"jessica_francyne_frias","pmtam","gestao_publica","poder_publico"
"jessica_francyne_frias_pmtam",2157,153,49,"meeting_27",6327,6496,169,"jessica_francyne_frias","pmtam","gestao_publica","poder_publico"
"jessica_francyne_frias_pmtam",2241,153,50,"meeting_28",873,952,79,"jessica_francyne_frias","pmtam","gestao_publica","poder_publico"
"jessica_francyne_frias_pmtam",2097,153,48,"meeting_26",23313,23408,95,"jessica_francyne_frias","pmtam","gestao_publica","poder_publico"
"jessica_francyne_frias_pmtam",2031,153,48,"meeting_26",9968,10033,65,"jessica_francyne_frias","pmtam","gestao_publica","poder_publico"
"jessica_francyne_frias_pmtam",2479,153,53,"meeting_30",17849,18820,971,"jessica_francyne_frias","pmtam","gestao_publica","poder_publico"
"jessica_francyne_frias_pmtam",2141,153,49,"meeting_27",3203,3366,163,"jessica_francyne_frias","pmtam","gestao_publica","poder_publico"
"jessica_francyne_frias_pmtam",2578,153,51,"meeting_31",13352,13492,140,"jessica_francyne_frias","pmtam","gestao_publica","poder_publico"
"jessica_francyne_frias_pmtam",1806,153,46,"meeting_24",1409,1621,212,"jessica_francyne_frias","pmtam","gestao_publica","poder_publico"
"jessica_francyne_frias_pmtam",2364,153,52,"meeting_29",4858,4951,93,"jessica_francyne_frias","pmtam","gestao_publica","poder_publico"
"joab_gomes_de_melo_ifal",1887,143,46,"meeting_24",15506,15660,154,"joab_gomes_de_melo","ifal","instituicao_de_ensino_e_pesquisa","poder_publico"
"joab_gomes_de_melo_ifal",2169,143,49,"meeting_27",8630,9018,388,"joab_gomes_de_melo","ifal","instituicao_de_ensino_e_pesquisa","poder_publico"
"joab_gomes_de_melo_ifal",2395,143,52,"meeting_29",13144,13431,287,"joab_gomes_de_melo","ifal","instituicao_de_ensino_e_pesquisa","poder_publico"
"joab_gomes_de_melo_ifal",1616,143,20,"meeting_21",6114,6118,4,"joab_gomes_de_melo","ifal","instituicao_de_ensino_e_pesquisa","poder_publico"
"joab_gomes_de_melo_ifal",2170,143,49,"meeting_27",9074,9533,459,"joab_gomes_de_melo","ifal","instituicao_de_ensino_e_pesquisa","poder_publico"
"joao_b_de_oliveira_junior_cprh",68,40,4,"meeting_01",4850,4864,14,"joao_b_de_oliveira_junior","cprh","gestao_publica","poder_publico"
"joao_carlos_gomes_borges_fma",2610,63,27,"meeting_02",4377,4450,73,"joao_carlos_gomes_borges","fma","ongs_ambientalistas","sociedade_civil"
"joao_carlos_gomes_borges_fma",2516,63,53,"meeting_30",25553,25644,91,"joao_carlos_gomes_borges","fma","ongs_ambientalistas","sociedade_civil"
"joao_carlos_gomes_borges_fma",335,63,3,"meeting_18",6692,6709,17,"joao_carlos_gomes_borges","fma","ongs_ambientalistas","sociedade_civil"
"joao_carlos_gomes_borges_fma",1161,63,17,"meeting_14",2357,2375,18,"joao_carlos_gomes_borges","fma","ongs_ambientalistas","sociedade_civil"
"joao_carlos_gomes_borges_fma",1561,63,19,"meeting_20",17955,17966,11,"joao_carlos_gomes_borges","fma","ongs_ambientalistas","sociedade_civil"
"joao_carlos_gomes_borges_fma",2524,63,53,"meeting_30",26709,26947,238,"joao_carlos_gomes_borges","fma","ongs_ambientalistas","sociedade_civil"
"joao_carlos_gomes_borges_fma",1203,63,17,"meeting_14",10301,10312,11,"joao_carlos_gomes_borges","fma","ongs_ambientalistas","sociedade_civil"
"joao_carlos_gomes_borges_fma",130,63,13,"meeting_06",11629,11647,18,"joao_carlos_gomes_borges","fma","ongs_ambientalistas","sociedade_civil"
"joao_carlos_gomes_borges_fma",2052,63,48,"meeting_26",14417,14563,146,"joao_carlos_gomes_borges","fma","ongs_ambientalistas","sociedade_civil"
"joao_carlos_gomes_borges_fma",2518,63,53,"meeting_30",25767,25877,110,"joao_carlos_gomes_borges","fma","ongs_ambientalistas","sociedade_civil"
"joao_carlos_gomes_borges_fma",2017,63,48,"meeting_26",6519,6977,458,"joao_carlos_gomes_borges","fma","ongs_ambientalistas","sociedade_civil"
"joao_carlos_gomes_borges_fma",2467,63,53,"meeting_30",11449,12141,692,"joao_carlos_gomes_borges","fma","ongs_ambientalistas","sociedade_civil"
"joao_carlos_gomes_borges_fma",2509,63,53,"meeting_30",24727,24850,123,"joao_carlos_gomes_borges","fma","ongs_ambientalistas","sociedade_civil"
"joao_carlos_gomes_borges_fma",1654,63,20,"meeting_21",17314,17325,11,"joao_carlos_gomes_borges","fma","ongs_ambientalistas","sociedade_civil"
"joao_carlos_gomes_borges_fma",2050,63,48,"meeting_26",14183,14300,117,"joao_carlos_gomes_borges","fma","ongs_ambientalistas","sociedade_civil"
"joao_carlos_gomes_borges_fma",1789,63,22,"meeting_23",6416,6434,18,"joao_carlos_gomes_borges","fma","ongs_ambientalistas","sociedade_civil"
"joao_da_silva_mota_pmpp",686,103,24,"meeting_03",5320,5352,32,"joao_da_silva_mota","pmpp","gestao_publica","poder_publico"
"joao_lessa_pmmaragogi",60,33,4,"meeting_01",3963,3974,11,"joao_lessa","pmmaragogi","gestao_publica",NA
"joao_lessa_pmmaragogi",2059,33,48,"meeting_26",16230,16424,194,"joao_lessa","pmmaragogi","gestao_publica",NA
"joao_lessa_pmmaragogi",2166,33,49,"meeting_27",7819,8015,196,"joao_lessa","pmmaragogi","gestao_publica",NA
"joao_lessa_pmmaragogi",2305,33,50,"meeting_28",20065,20831,766,"joao_lessa","pmmaragogi","gestao_publica",NA
"joao_lessa_pmmaragogi",693,33,24,"meeting_03",5476,5511,35,"joao_lessa","pmmaragogi","gestao_publica",NA
"joao_lessa_pmmaragogi",51,33,4,"meeting_01",2789,2799,10,"joao_lessa","pmmaragogi","gestao_publica",NA
"jose_heriberto_menezes_de_lima_cepene",883,20,2,"meeting_09",10185,10199,14,"jose_heriberto_menezes_de_lima","cepene","gestao_publica","poder_publico"
"jose_heriberto_menezes_de_lima_cepene",1536,20,19,"meeting_20",11768,11777,9,"jose_heriberto_menezes_de_lima","cepene","gestao_publica","poder_publico"
"jose_heriberto_menezes_de_lima_cepene",1359,20,33,"meeting_10",16049,16058,9,"jose_heriberto_menezes_de_lima","cepene","gestao_publica","poder_publico"
"jose_heriberto_menezes_de_lima_cepene",984,20,16,"meeting_11",1026,1090,64,"jose_heriberto_menezes_de_lima","cepene","gestao_publica","poder_publico"
"jose_heriberto_menezes_de_lima_cepene",166,20,24,"meeting_03",4797,4819,22,"jose_heriberto_menezes_de_lima","cepene","gestao_publica","poder_publico"
"jose_heriberto_menezes_de_lima_cepene",2791,20,3,"meeting_18",14307,14337,30,"jose_heriberto_menezes_de_lima","cepene","gestao_publica","poder_publico"
"jose_heriberto_menezes_de_lima_cepene",1134,20,31,"meeting_12",18958,18976,18,"jose_heriberto_menezes_de_lima","cepene","gestao_publica","poder_publico"
"jose_heriberto_menezes_de_lima_cepene",1184,20,17,"meeting_14",7489,7507,18,"jose_heriberto_menezes_de_lima","cepene","gestao_publica","poder_publico"
"jose_heriberto_menezes_de_lima_cepene",831,20,1,"meeting_08",11632,11646,14,"jose_heriberto_menezes_de_lima","cepene","gestao_publica","poder_publico"
"jose_heriberto_menezes_de_lima_cepene",636,20,27,"meeting_02",5690,5723,33,"jose_heriberto_menezes_de_lima","cepene","gestao_publica","poder_publico"
"jose_heriberto_menezes_de_lima_cepene",1195,20,17,"meeting_14",8933,8951,18,"jose_heriberto_menezes_de_lima","cepene","gestao_publica","poder_publico"
"jose_heriberto_menezes_de_lima_cepene",2785,20,3,"meeting_18",8877,8907,30,"jose_heriberto_menezes_de_lima","cepene","gestao_publica","poder_publico"
"jose_heriberto_menezes_de_lima_cepene",1023,20,16,"meeting_11",7415,7424,9,"jose_heriberto_menezes_de_lima","cepene","gestao_publica","poder_publico"
"jose_heriberto_menezes_de_lima_cepene",28,20,1,"meeting_08",4494,4514,20,"jose_heriberto_menezes_de_lima","cepene","gestao_publica","poder_publico"
"jose_heriberto_menezes_de_lima_cepene",1121,20,31,"meeting_12",19509,19518,9,"jose_heriberto_menezes_de_lima","cepene","gestao_publica","poder_publico"
"jose_heriberto_menezes_de_lima_cepene",1553,20,19,"meeting_20",15353,15362,9,"jose_heriberto_menezes_de_lima","cepene","gestao_publica","poder_publico"
"jose_heriberto_menezes_de_lima_cepene",634,20,27,"meeting_02",5461,5494,33,"jose_heriberto_menezes_de_lima","cepene","gestao_publica","poder_publico"
"jose_heriberto_menezes_de_lima_cepene",1571,20,19,"meeting_20",20168,20177,9,"jose_heriberto_menezes_de_lima","cepene","gestao_publica","poder_publico"
"jose_heriberto_menezes_de_lima_cepene",1368,20,35,"meeting_15",1063,1092,29,"jose_heriberto_menezes_de_lima","cepene","gestao_publica","poder_publico"
"jose_heriberto_menezes_de_lima_cepene",1113,20,31,"meeting_12",17988,17997,9,"jose_heriberto_menezes_de_lima","cepene","gestao_publica","poder_publico"
"jose_heriberto_menezes_de_lima_cepene",891,20,2,"meeting_09",15083,15103,20,"jose_heriberto_menezes_de_lima","cepene","gestao_publica","poder_publico"
"jose_heriberto_menezes_de_lima_cepene",1340,20,33,"meeting_10",10722,10731,9,"jose_heriberto_menezes_de_lima","cepene","gestao_publica","poder_publico"
"jose_heriberto_menezes_de_lima_cepene",1304,20,33,"meeting_10",6239,6253,14,"jose_heriberto_menezes_de_lima","cepene","gestao_publica","poder_publico"
"jose_heriberto_menezes_de_lima_cepene",1481,20,19,"meeting_20",1802,1832,30,"jose_heriberto_menezes_de_lima","cepene","gestao_publica","poder_publico"
"jose_heriberto_menezes_de_lima_cepene",780,20,1,"meeting_08",6710,6719,9,"jose_heriberto_menezes_de_lima","cepene","gestao_publica","poder_publico"
"jose_heriberto_menezes_de_lima_cepene",2688,20,1,"meeting_08",9357,9370,13,"jose_heriberto_menezes_de_lima","cepene","gestao_publica","poder_publico"
"jose_heriberto_menezes_de_lima_cepene",1008,20,16,"meeting_11",5072,5081,9,"jose_heriberto_menezes_de_lima","cepene","gestao_publica","poder_publico"
"jose_heriberto_menezes_de_lima_cepene",1030,20,16,"meeting_11",10723,10732,9,"jose_heriberto_menezes_de_lima","cepene","gestao_publica","poder_publico"
"jose_heriberto_menezes_de_lima_cepene",2825,20,19,"meeting_20",21989,22018,29,"jose_heriberto_menezes_de_lima","cepene","gestao_publica","poder_publico"
"jose_heriberto_menezes_de_lima_cepene",857,20,2,"meeting_09",1967,1990,23,"jose_heriberto_menezes_de_lima","cepene","gestao_publica","poder_publico"
"jose_heriberto_menezes_de_lima_cepene",1290,20,33,"meeting_10",4361,4385,24,"jose_heriberto_menezes_de_lima","cepene","gestao_publica","poder_publico"
"jose_heriberto_menezes_de_lima_cepene",1003,20,16,"meeting_11",4666,4675,9,"jose_heriberto_menezes_de_lima","cepene","gestao_publica","poder_publico"
"jose_heriberto_menezes_de_lima_cepene",111,20,13,"meeting_06",10400,10414,14,"jose_heriberto_menezes_de_lima","cepene","gestao_publica","poder_publico"
"jose_heriberto_menezes_de_lima_cepene",127,20,13,"meeting_06",15348,15362,14,"jose_heriberto_menezes_de_lima","cepene","gestao_publica","poder_publico"
"jose_heriberto_menezes_de_lima_cepene",632,20,27,"meeting_02",5303,5336,33,"jose_heriberto_menezes_de_lima","cepene","gestao_publica","poder_publico"
"jose_heriberto_menezes_de_lima_cepene",196,20,12,"meeting_05",6104,6128,24,"jose_heriberto_menezes_de_lima","cepene","gestao_publica","poder_publico"
"jose_maciel_dos_santos_unimop",1076,105,31,"meeting_12",11856,11879,23,"jose_maciel_dos_santos","unimop","atividade_turistica","sociedade_civil"
"jose_maciel_dos_santos_unimop",1145,105,31,"meeting_12",19243,19266,23,"jose_maciel_dos_santos","unimop","atividade_turistica","sociedade_civil"
"juliano_mauricio_fritscher_ibvm",1326,55,33,"meeting_10",9665,9672,7,"juliano_mauricio_fritscher","ibvm","ongs_ambientalistas","sociedade_civil"
"juliano_mauricio_fritscher_ibvm",1358,55,33,"meeting_10",15850,15857,7,"juliano_mauricio_fritscher","ibvm","ongs_ambientalistas","sociedade_civil"
"juliano_mauricio_fritscher_ibvm",159,55,24,"meeting_03",4555,4573,18,"juliano_mauricio_fritscher","ibvm","ongs_ambientalistas","sociedade_civil"
"juliano_mauricio_fritscher_ibvm",2707,55,33,"meeting_10",7467,7492,25,"juliano_mauricio_fritscher","ibvm","ongs_ambientalistas","sociedade_civil"
"juliano_mauricio_fritscher_ibvm",1278,55,33,"meeting_10",2920,2943,23,"juliano_mauricio_fritscher","ibvm","ongs_ambientalistas","sociedade_civil"
"juliano_mauricio_fritscher_ibvm",99,55,13,"meeting_06",8145,8162,17,"juliano_mauricio_fritscher","ibvm","ongs_ambientalistas","sociedade_civil"
"juliano_mauricio_fritscher_ibvm",690,55,24,"meeting_03",5377,5401,24,"juliano_mauricio_fritscher","ibvm","ongs_ambientalistas","sociedade_civil"
"juvenita_lucena_de_albuquerque_fundaj",783,61,1,"meeting_08",7533,7548,15,"juvenita_lucena_de_albuquerque","fundaj","instituicao_de_ensino_e_pesquisa","poder_publico"
"juvenita_lucena_de_albuquerque_fundaj",112,61,13,"meeting_06",10417,10434,17,"juvenita_lucena_de_albuquerque","fundaj","instituicao_de_ensino_e_pesquisa","poder_publico"
"karine_matos_magalhaes_ufrpe",63,16,4,"meeting_01",4036,4052,16,"karine_matos_magalhaes","ufrpe","instituicao_de_ensino_e_pesquisa","poder_publico"
"karine_matos_magalhaes_ufrpe",26,16,1,"meeting_08",3752,3768,16,"karine_matos_magalhaes","ufrpe","instituicao_de_ensino_e_pesquisa","poder_publico"
"karine_matos_magalhaes_ufrpe",845,16,1,"meeting_08",16657,16673,16,"karine_matos_magalhaes","ufrpe","instituicao_de_ensino_e_pesquisa","poder_publico"
"karine_matos_magalhaes_ufrpe",1118,16,31,"meeting_12",18811,18825,14,"karine_matos_magalhaes","ufrpe","instituicao_de_ensino_e_pesquisa","poder_publico"
"karine_matos_magalhaes_ufrpe",864,16,2,"meeting_09",3949,3955,6,"karine_matos_magalhaes","ufrpe","instituicao_de_ensino_e_pesquisa","poder_publico"
"karine_matos_magalhaes_ufrpe",694,16,24,"meeting_03",5512,5549,37,"karine_matos_magalhaes","ufrpe","instituicao_de_ensino_e_pesquisa","poder_publico"
"karine_matos_magalhaes_ufrpe",785,16,1,"meeting_08",7761,7777,16,"karine_matos_magalhaes","ufrpe","instituicao_de_ensino_e_pesquisa","poder_publico"
"karine_matos_magalhaes_ufrpe",1363,16,33,"meeting_10",16082,16088,6,"karine_matos_magalhaes","ufrpe","instituicao_de_ensino_e_pesquisa","poder_publico"
"karine_matos_magalhaes_ufrpe",1277,16,33,"meeting_10",2868,2893,25,"karine_matos_magalhaes","ufrpe","instituicao_de_ensino_e_pesquisa","poder_publico"
"karine_matos_magalhaes_ufrpe",1070,16,31,"meeting_12",10132,10157,25,"karine_matos_magalhaes","ufrpe","instituicao_de_ensino_e_pesquisa","poder_publico"
"karine_matos_magalhaes_ufrpe",2183,16,49,"meeting_27",11852,11959,107,"karine_matos_magalhaes","ufrpe","instituicao_de_ensino_e_pesquisa","poder_publico"
"ligia_albuquerque_de_melo_fundaj",2861,150,21,"meeting_22",17750,17767,17,"ligia_albuquerque_de_melo","fundaj","instituicao_de_ensino_e_pesquisa","poder_publico"
"ligia_albuquerque_de_melo_fundaj",1740,150,21,"meeting_22",14500,14505,5,"ligia_albuquerque_de_melo","fundaj","instituicao_de_ensino_e_pesquisa","poder_publico"
"lilian_icmbio",2371,191,52,"meeting_29",6300,6509,209,"lilian","icmbio","gestao_publica",NA
"lilian_icmbio",2489,191,53,"meeting_30",20877,21159,282,"lilian","icmbio","gestao_publica",NA
"lilian_icmbio",2563,191,51,"meeting_31",4414,4763,349,"lilian","icmbio","gestao_publica",NA
"lilian_icmbio",2573,191,51,"meeting_31",7491,7597,106,"lilian","icmbio","gestao_publica",NA
"lucas_silveira_franca_de_araujo_pmsjcg",1534,108,19,"meeting_20",11297,11302,5,"lucas_silveira_franca_de_araujo","pmsjcg","gestao_publica","poder_publico"
"lucas_silveira_franca_de_araujo_pmsjcg",2535,108,53,"meeting_30",28437,28491,54,"lucas_silveira_franca_de_araujo","pmsjcg","gestao_publica","poder_publico"
"lucas_silveira_franca_de_araujo_pmsjcg",2492,108,53,"meeting_30",21536,21732,196,"lucas_silveira_franca_de_araujo","pmsjcg","gestao_publica","poder_publico"
"lucas_silveira_franca_de_araujo_pmsjcg",2401,108,52,"meeting_29",14420,14507,87,"lucas_silveira_franca_de_araujo","pmsjcg","gestao_publica","poder_publico"
"lucas_silveira_franca_de_araujo_pmsjcg",1641,108,20,"meeting_21",13433,13438,5,"lucas_silveira_franca_de_araujo","pmsjcg","gestao_publica","poder_publico"
"lucas_silveira_franca_de_araujo_pmsjcg",1834,108,46,"meeting_24",7378,7630,252,"lucas_silveira_franca_de_araujo","pmsjcg","gestao_publica","poder_publico"
"lucas_silveira_franca_de_araujo_pmsjcg",1923,108,47,"meeting_25",6853,7061,208,"lucas_silveira_franca_de_araujo","pmsjcg","gestao_publica","poder_publico"
"lucas_silveira_franca_de_araujo_pmsjcg",2146,108,49,"meeting_27",4176,4286,110,"lucas_silveira_franca_de_araujo","pmsjcg","gestao_publica","poder_publico"
"lucas_silveira_franca_de_araujo_pmsjcg",2501,108,53,"meeting_30",23178,23626,448,"lucas_silveira_franca_de_araujo","pmsjcg","gestao_publica","poder_publico"
"lucas_silveira_franca_de_araujo_pmsjcg",1119,108,31,"meeting_12",18828,18872,44,"lucas_silveira_franca_de_araujo","pmsjcg","gestao_publica","poder_publico"
"lucas_silveira_franca_de_araujo_pmsjcg",1857,108,46,"meeting_24",10634,10712,78,"lucas_silveira_franca_de_araujo","pmsjcg","gestao_publica","poder_publico"
"lucas_silveira_franca_de_araujo_pmsjcg",2244,108,50,"meeting_28",1983,2223,240,"lucas_silveira_franca_de_araujo","pmsjcg","gestao_publica","poder_publico"
"lucas_silveira_franca_de_araujo_pmsjcg",2388,108,52,"meeting_29",11768,11991,223,"lucas_silveira_franca_de_araujo","pmsjcg","gestao_publica","poder_publico"
"lucas_silveira_franca_de_araujo_pmsjcg",2263,108,50,"meeting_28",6935,6982,47,"lucas_silveira_franca_de_araujo","pmsjcg","gestao_publica","poder_publico"
"lucas_silveira_franca_de_araujo_pmsjcg",2260,108,50,"meeting_28",6396,6639,243,"lucas_silveira_franca_de_araujo","pmsjcg","gestao_publica","poder_publico"
"lucas_silveira_franca_de_araujo_pmsjcg",2402,108,52,"meeting_29",14612,14737,125,"lucas_silveira_franca_de_araujo","pmsjcg","gestao_publica","poder_publico"
"lucas_silveira_franca_de_araujo_pmsjcg",2194,108,49,"meeting_27",14484,14730,246,"lucas_silveira_franca_de_araujo","pmsjcg","gestao_publica","poder_publico"
"lucas_silveira_franca_de_araujo_pmsjcg",1194,108,17,"meeting_14",8906,8930,24,"lucas_silveira_franca_de_araujo","pmsjcg","gestao_publica","poder_publico"
"lucas_silveira_franca_de_araujo_pmsjcg",866,108,2,"meeting_09",4488,4504,16,"lucas_silveira_franca_de_araujo","pmsjcg","gestao_publica","poder_publico"
"lucas_silveira_franca_de_araujo_pmsjcg",1732,108,21,"meeting_22",11293,11298,5,"lucas_silveira_franca_de_araujo","pmsjcg","gestao_publica","poder_publico"
"lucas_silveira_franca_de_araujo_pmsjcg",1826,108,46,"meeting_24",4687,5325,638,"lucas_silveira_franca_de_araujo","pmsjcg","gestao_publica","poder_publico"
"lucas_silveira_franca_de_araujo_pmsjcg",2143,108,49,"meeting_27",3377,3786,409,"lucas_silveira_franca_de_araujo","pmsjcg","gestao_publica","poder_publico"
"lucas_silveira_franca_de_araujo_pmsjcg",2238,108,50,"meeting_28",711,851,140,"lucas_silveira_franca_de_araujo","pmsjcg","gestao_publica","poder_publico"
"lucian_ircos",2063,172,48,"meeting_26",16840,16933,93,"lucian","ircos","ongs_ambientalistas",NA
"lucian_ircos",1975,172,47,"meeting_25",17462,17594,132,"lucian","ircos","ongs_ambientalistas",NA
"manoel_alexandre_pedrosa_ircos_pmtam",2805,107,19,"meeting_20",5204,5231,27,"manoel_alexandre_pedrosa","ircos_pmtam","ongs_ambientalistas","sociedade_civil"
"manoel_alexandre_pedrosa_ircos_pmtam",862,107,2,"meeting_09",3636,3658,22,"manoel_alexandre_pedrosa","ircos_pmtam","ongs_ambientalistas","sociedade_civil"
"manoel_alexandre_pedrosa_ircos_pmtam",1402,107,44,"meeting_16",10024,10047,23,"manoel_alexandre_pedrosa","ircos_pmtam","ongs_ambientalistas","sociedade_civil"
"manoel_alexandre_pedrosa_ircos_pmtam",1622,107,20,"meeting_21",8115,8130,15,"manoel_alexandre_pedrosa","ircos_pmtam","ongs_ambientalistas","sociedade_civil"
"manoel_alexandre_pedrosa_ircos_pmtam",1640,107,20,"meeting_21",13307,13313,6,"manoel_alexandre_pedrosa","ircos_pmtam","ongs_ambientalistas","sociedade_civil"
"manoel_alexandre_pedrosa_ircos_pmtam",1163,107,17,"meeting_14",2586,2608,22,"manoel_alexandre_pedrosa","ircos_pmtam","ongs_ambientalistas","sociedade_civil"
"manoel_alexandre_pedrosa_ircos_pmtam",865,107,2,"meeting_09",4404,4424,20,"manoel_alexandre_pedrosa","ircos_pmtam","ongs_ambientalistas","sociedade_civil"
"manoel_alexandre_pedrosa_ircos_pmtam",1101,107,31,"meeting_12",16158,16180,22,"manoel_alexandre_pedrosa","ircos_pmtam","ongs_ambientalistas","sociedade_civil"
"manuela_de_almeida_rocha_kaspary_ifal",2491,149,53,"meeting_30",21248,21534,286,"manuela_de_almeida_rocha_kaspary","ifal","instituicao_de_ensino_e_pesquisa","poder_publico"
"manuela_de_almeida_rocha_kaspary_ifal",1651,149,20,"meeting_21",16298,16305,7,"manuela_de_almeida_rocha_kaspary","ifal","instituicao_de_ensino_e_pesquisa","poder_publico"
"manuela_de_almeida_rocha_kaspary_ifal",2571,149,51,"meeting_31",7300,7378,78,"manuela_de_almeida_rocha_kaspary","ifal","instituicao_de_ensino_e_pesquisa","poder_publico"
"marcelo_bastos_francoso_icmbio",1098,21,31,"meeting_12",15671,15678,7,"marcelo_bastos_francoso","icmbio","gestao_publica","poder_publico"
"marcelo_bastos_francoso_icmbio",1360,21,33,"meeting_10",16060,16067,7,"marcelo_bastos_francoso","icmbio","gestao_publica","poder_publico"
"marcelo_bastos_francoso_icmbio",2583,21,51,"meeting_31",14384,14711,327,"marcelo_bastos_francoso","icmbio","gestao_publica","poder_publico"
"marcelo_bastos_francoso_icmbio",637,21,27,"meeting_02",6049,6066,17,"marcelo_bastos_francoso","icmbio","gestao_publica","poder_publico"
"marcelo_bastos_francoso_icmbio",2521,21,53,"meeting_30",26031,26151,120,"marcelo_bastos_francoso","icmbio","gestao_publica","poder_publico"
"marcelo_bastos_francoso_icmbio",592,21,27,"meeting_02",1068,1084,16,"marcelo_bastos_francoso","icmbio","gestao_publica","poder_publico"
"marcelo_bastos_francoso_icmbio",44,21,4,"meeting_01",2321,2339,18,"marcelo_bastos_francoso","icmbio","gestao_publica","poder_publico"
"marcelo_bastos_francoso_icmbio",2530,21,53,"meeting_30",27830,28027,197,"marcelo_bastos_francoso","icmbio","gestao_publica","poder_publico"
"marcelo_bastos_francoso_icmbio",2483,21,53,"meeting_30",18858,19485,627,"marcelo_bastos_francoso","icmbio","gestao_publica","poder_publico"
"marcelo_bastos_francoso_icmbio",58,21,4,"meeting_01",3534,3550,16,"marcelo_bastos_francoso","icmbio","gestao_publica","poder_publico"
"marcelo_bastos_francoso_icmbio",2512,21,53,"meeting_30",25177,25233,56,"marcelo_bastos_francoso","icmbio","gestao_publica","poder_publico"
"marcelo_bastos_francoso_icmbio",2704,21,33,"meeting_10",7216,7232,16,"marcelo_bastos_francoso","icmbio","gestao_publica","poder_publico"
"marcelo_bastos_francoso_icmbio",2494,21,53,"meeting_30",21912,22253,341,"marcelo_bastos_francoso","icmbio","gestao_publica","poder_publico"
"marcelo_bastos_francoso_icmbio",30,21,4,"meeting_01",370,387,17,"marcelo_bastos_francoso","icmbio","gestao_publica","poder_publico"
"marcelo_bastos_francoso_icmbio",139,21,24,"meeting_03",2051,2067,16,"marcelo_bastos_francoso","icmbio","gestao_publica","poder_publico"
"marcelo_bastos_francoso_icmbio",602,21,27,"meeting_02",2612,2628,16,"marcelo_bastos_francoso","icmbio","gestao_publica","poder_publico"
"marcelo_bastos_francoso_icmbio",1071,21,31,"meeting_12",10310,10346,36,"marcelo_bastos_francoso","icmbio","gestao_publica","poder_publico"
"marcelo_bastos_francoso_icmbio",778,21,1,"meeting_08",6098,6114,16,"marcelo_bastos_francoso","icmbio","gestao_publica","poder_publico"
"marcelo_bastos_francoso_icmbio",2574,21,51,"meeting_31",11688,11833,145,"marcelo_bastos_francoso","icmbio","gestao_publica","poder_publico"
"marcelo_bastos_francoso_icmbio",650,21,27,"meeting_02",7751,7769,18,"marcelo_bastos_francoso","icmbio","gestao_publica","poder_publico"
"marcelo_bastos_francoso_icmbio",581,21,4,"meeting_01",662,676,14,"marcelo_bastos_francoso","icmbio","gestao_publica","poder_publico"
"marcelo_bastos_francoso_icmbio",2712,21,33,"meeting_10",8125,8132,7,"marcelo_bastos_francoso","icmbio","gestao_publica","poder_publico"
"marcelo_bastos_francoso_icmbio",779,21,1,"meeting_08",6357,6364,7,"marcelo_bastos_francoso","icmbio","gestao_publica","poder_publico"
"marcelo_bastos_francoso_icmbio",850,21,1,"meeting_08",16968,16984,16,"marcelo_bastos_francoso","icmbio","gestao_publica","poder_publico"
"marcelo_bastos_francoso_icmbio",618,21,27,"meeting_02",3943,3959,16,"marcelo_bastos_francoso","icmbio","gestao_publica","poder_publico"
"margarida_maria_jaques_z5",167,72,24,"meeting_03",4829,4845,16,"margarida_maria_jaques","z5","atividade_pesqueira","sociedade_civil"
"margarida_maria_jaques_z5",610,72,27,"meeting_02",3621,3666,45,"margarida_maria_jaques","z5","atividade_pesqueira","sociedade_civil"
"mauro_maida_ufpe",808,26,13,"meeting_06",10761,11142,381,"mauro_maida","ufpe","instituicao_de_ensino_e_pesquisa","poder_publico"
"mauro_maida_ufpe",805,26,4,"meeting_01",1065,1382,317,"mauro_maida","ufpe","instituicao_de_ensino_e_pesquisa","poder_publico"
"mauro_maida_ufpe",2035,26,48,"meeting_26",10380,10795,415,"mauro_maida","ufpe","instituicao_de_ensino_e_pesquisa","poder_publico"
"mauro_maida_ufpe",801,26,1,"meeting_08",7981,8724,743,"mauro_maida","ufpe","instituicao_de_ensino_e_pesquisa","poder_publico"
"mauro_maida_ufpe",809,26,13,"meeting_06",12700,12935,235,"mauro_maida","ufpe","instituicao_de_ensino_e_pesquisa","poder_publico"
"mauro_maida_ufpe",1681,26,20,"meeting_21",23864,23869,5,"mauro_maida","ufpe","instituicao_de_ensino_e_pesquisa","poder_publico"
"mauro_maida_ufpe",1628,26,20,"meeting_21",9946,9957,11,"mauro_maida","ufpe","instituicao_de_ensino_e_pesquisa","poder_publico"
"mauro_maida_ufpe",1718,26,21,"meeting_22",8252,8257,5,"mauro_maida","ufpe","instituicao_de_ensino_e_pesquisa","poder_publico"
"mauro_maida_ufpe",806,26,4,"meeting_01",3247,3528,281,"mauro_maida","ufpe","instituicao_de_ensino_e_pesquisa","poder_publico"
"mauro_maida_ufpe",818,26,18,"meeting_19",34758,34991,233,"mauro_maida","ufpe","instituicao_de_ensino_e_pesquisa","poder_publico"
"mauro_maida_ufpe",804,26,1,"meeting_08",12563,12673,110,"mauro_maida","ufpe","instituicao_de_ensino_e_pesquisa","poder_publico"
"mauro_maida_ufpe",1655,26,20,"meeting_21",17682,17694,12,"mauro_maida","ufpe","instituicao_de_ensino_e_pesquisa","poder_publico"
"mauro_maida_ufpe",1005,26,16,"meeting_11",4677,4695,18,"mauro_maida","ufpe","instituicao_de_ensino_e_pesquisa","poder_publico"
"mauro_maida_ufpe",2312,26,50,"meeting_28",22401,22546,145,"mauro_maida","ufpe","instituicao_de_ensino_e_pesquisa","poder_publico"
"mauro_maida_ufpe",816,26,18,"meeting_19",34442,34618,176,"mauro_maida","ufpe","instituicao_de_ensino_e_pesquisa","poder_publico"
"mauro_maida_ufpe",1231,26,32,"meeting_04",5895,5900,5,"mauro_maida","ufpe","instituicao_de_ensino_e_pesquisa","poder_publico"
"mauro_maida_ufpe",1745,26,21,"meeting_22",15599,15604,5,"mauro_maida","ufpe","instituicao_de_ensino_e_pesquisa","poder_publico"
"mauro_maida_ufpe",826,26,1,"meeting_08",10959,11374,415,"mauro_maida","ufpe","instituicao_de_ensino_e_pesquisa","poder_publico"
"mauro_maida_ufpe",817,26,18,"meeting_19",34619,34757,138,"mauro_maida","ufpe","instituicao_de_ensino_e_pesquisa","poder_publico"
"mauro_maida_ufpe",1228,26,32,"meeting_04",5203,5214,11,"mauro_maida","ufpe","instituicao_de_ensino_e_pesquisa","poder_publico"
"mauro_maida_ufpe",815,26,18,"meeting_19",20062,20313,251,"mauro_maida","ufpe","instituicao_de_ensino_e_pesquisa","poder_publico"
"mauro_maida_ufpe",2256,26,50,"meeting_28",5524,5622,98,"mauro_maida","ufpe","instituicao_de_ensino_e_pesquisa","poder_publico"
"mauro_maida_ufpe",2360,26,52,"meeting_29",3407,3552,145,"mauro_maida","ufpe","instituicao_de_ensino_e_pesquisa","poder_publico"
"mauro_maida_ufpe",1791,26,22,"meeting_23",6930,6948,18,"mauro_maida","ufpe","instituicao_de_ensino_e_pesquisa","poder_publico"
"mauro_maida_ufpe",2358,26,52,"meeting_29",3218,3303,85,"mauro_maida","ufpe","instituicao_de_ensino_e_pesquisa","poder_publico"
"mauro_maida_ufpe",800,26,1,"meeting_08",7676,7757,81,"mauro_maida","ufpe","instituicao_de_ensino_e_pesquisa","poder_publico"
"mauro_maida_ufpe",1728,26,21,"meeting_22",10327,10332,5,"mauro_maida","ufpe","instituicao_de_ensino_e_pesquisa","poder_publico"
"mauro_maida_ufpe",1214,26,32,"meeting_04",2420,2425,5,"mauro_maida","ufpe","instituicao_de_ensino_e_pesquisa","poder_publico"
"mauro_maida_ufpe",1636,26,20,"meeting_21",12305,12316,11,"mauro_maida","ufpe","instituicao_de_ensino_e_pesquisa","poder_publico"
"mauro_maida_ufpe",2276,26,50,"meeting_28",10533,10629,96,"mauro_maida","ufpe","instituicao_de_ensino_e_pesquisa","poder_publico"
"mauro_maida_ufpe",810,26,13,"meeting_06",15607,15911,304,"mauro_maida","ufpe","instituicao_de_ensino_e_pesquisa","poder_publico"
"mauro_maida_ufpe",802,26,1,"meeting_08",8905,9141,236,"mauro_maida","ufpe","instituicao_de_ensino_e_pesquisa","poder_publico"
"monica_dorigo_correa_ufal",605,32,27,"meeting_02",3317,3337,20,"monica_dorigo_correa","ufal","instituicao_de_ensino_e_pesquisa","poder_publico"
"monica_dorigo_correa_ufal",62,32,4,"meeting_01",4013,4026,13,"monica_dorigo_correa","ufal","instituicao_de_ensino_e_pesquisa","poder_publico"
"monica_dorigo_correa_ufal",69,32,4,"meeting_01",4877,4891,14,"monica_dorigo_correa","ufal","instituicao_de_ensino_e_pesquisa","poder_publico"
"monica_dorigo_correa_ufal",1263,32,32,"meeting_04",11929,11935,6,"monica_dorigo_correa","ufal","instituicao_de_ensino_e_pesquisa","poder_publico"
"monica_dorigo_correa_ufal",1219,32,32,"meeting_04",2586,2599,13,"monica_dorigo_correa","ufal","instituicao_de_ensino_e_pesquisa","poder_publico"
"monica_dorigo_correa_ufal",659,32,24,"meeting_03",843,865,22,"monica_dorigo_correa","ufal","instituicao_de_ensino_e_pesquisa","poder_publico"
"monica_dorigo_correa_ufal",691,32,24,"meeting_03",5402,5437,35,"monica_dorigo_correa","ufal","instituicao_de_ensino_e_pesquisa","poder_publico"
"monica_dorigo_correa_ufal",160,32,24,"meeting_03",4580,4593,13,"monica_dorigo_correa","ufal","instituicao_de_ensino_e_pesquisa","poder_publico"
"monica_dorigo_correa_ufal",126,32,13,"meeting_06",15333,15346,13,"monica_dorigo_correa","ufal","instituicao_de_ensino_e_pesquisa","poder_publico"
"monica_dorigo_correa_ufal",181,32,12,"meeting_05",4151,4171,20,"monica_dorigo_correa","ufal","instituicao_de_ensino_e_pesquisa","poder_publico"
"monica_dorigo_correa_ufal",599,32,27,"meeting_02",2037,2058,21,"monica_dorigo_correa","ufal","instituicao_de_ensino_e_pesquisa","poder_publico"
"monica_dorigo_correa_ufal",1257,32,32,"meeting_04",10575,10589,14,"monica_dorigo_correa","ufal","instituicao_de_ensino_e_pesquisa","poder_publico"
"monica_dorigo_correa_ufal",620,32,27,"meeting_02",4195,4217,22,"monica_dorigo_correa","ufal","instituicao_de_ensino_e_pesquisa","poder_publico"
"monica_dorigo_correa_ufal",50,32,4,"meeting_01",2591,2604,13,"monica_dorigo_correa","ufal","instituicao_de_ensino_e_pesquisa","poder_publico"
"monica_dorigo_correa_ufal",89,32,13,"meeting_06",4993,5006,13,"monica_dorigo_correa","ufal","instituicao_de_ensino_e_pesquisa","poder_publico"
"monica_dorigo_correa_ufal",1217,32,32,"meeting_04",2377,2383,6,"monica_dorigo_correa","ufal","instituicao_de_ensino_e_pesquisa","poder_publico"
"monica_dorigo_correa_ufal",649,32,27,"meeting_02",7205,7226,21,"monica_dorigo_correa","ufal","instituicao_de_ensino_e_pesquisa","poder_publico"
"monica_dorigo_correa_ufal",2645,32,13,"meeting_06",2806,2819,13,"monica_dorigo_correa","ufal","instituicao_de_ensino_e_pesquisa","poder_publico"
"monica_dorigo_correa_ufal",2626,32,32,"meeting_04",1382,1628,246,"monica_dorigo_correa","ufal","instituicao_de_ensino_e_pesquisa","poder_publico"
"monica_sueli_coelho_araujo_da_silva_atca",678,101,24,"meeting_03",5114,5134,20,"monica_sueli_coelho_araujo_da_silva","atca","atividade_turistica","sociedade_civil"
"paulo_amaro_da_silva_z21",193,73,12,"meeting_05",5540,5545,5,"paulo_amaro_da_silva","z21","atividade_pesqueira","sociedade_civil"
"paulo_amaro_da_silva_z21",1135,73,31,"meeting_12",18978,19005,27,"paulo_amaro_da_silva","z21","atividade_pesqueira","sociedade_civil"
"paulo_amaro_da_silva_z21",1623,73,20,"meeting_21",8309,8314,5,"paulo_amaro_da_silva","z21","atividade_pesqueira","sociedade_civil"
"paulo_amaro_da_silva_z21",168,73,24,"meeting_03",4873,4893,20,"paulo_amaro_da_silva","z21","atividade_pesqueira","sociedade_civil"
"paulo_amaro_da_silva_z21",2074,73,48,"meeting_26",18743,19148,405,"paulo_amaro_da_silva","z21","atividade_pesqueira","sociedade_civil"
"paulo_roberto_correa_de_souza_junior_icmbio",1091,4,31,"meeting_12",14064,14069,5,"paulo_roberto_correa_de_souza_junior","icmbio","gestao_publica","poder_publico"
"paulo_roberto_correa_de_souza_junior_icmbio",1177,4,17,"meeting_14",6090,6095,5,"paulo_roberto_correa_de_souza_junior","icmbio","gestao_publica","poder_publico"
"paulo_roberto_correa_de_souza_junior_icmbio",1162,4,17,"meeting_14",2096,2101,5,"paulo_roberto_correa_de_souza_junior","icmbio","gestao_publica","poder_publico"
"paulo_roberto_correa_de_souza_junior_icmbio",825,4,1,"meeting_08",9893,9906,13,"paulo_roberto_correa_de_souza_junior","icmbio","gestao_publica","poder_publico"
"paulo_roberto_correa_de_souza_junior_icmbio",1009,4,16,"meeting_11",5804,5809,5,"paulo_roberto_correa_de_souza_junior","icmbio","gestao_publica","poder_publico"
"paulo_roberto_correa_de_souza_junior_icmbio",302,4,3,"meeting_18",571,608,37,"paulo_roberto_correa_de_souza_junior","icmbio","gestao_publica","poder_publico"
"paulo_roberto_correa_de_souza_junior_icmbio",791,4,1,"meeting_08",7384,7397,13,"paulo_roberto_correa_de_souza_junior","icmbio","gestao_publica","poder_publico"
"paulo_roberto_correa_de_souza_junior_icmbio",1345,4,33,"meeting_10",13375,13385,10,"paulo_roberto_correa_de_souza_junior","icmbio","gestao_publica","poder_publico"
"paulo_roberto_correa_de_souza_junior_icmbio",2764,4,44,"meeting_16",919,941,22,"paulo_roberto_correa_de_souza_junior","icmbio","gestao_publica","poder_publico"
"paulo_roberto_correa_de_souza_junior_icmbio",1047,4,31,"meeting_12",4993,5006,13,"paulo_roberto_correa_de_souza_junior","icmbio","gestao_publica","poder_publico"
"paulo_roberto_correa_de_souza_junior_icmbio",830,4,1,"meeting_08",11375,11388,13,"paulo_roberto_correa_de_souza_junior","icmbio","gestao_publica","poder_publico"
"paulo_roberto_correa_de_souza_junior_icmbio",1149,4,17,"meeting_14",649,670,21,"paulo_roberto_correa_de_souza_junior","icmbio","gestao_publica","poder_publico"
"paulo_roberto_correa_de_souza_junior_icmbio",1201,4,17,"meeting_14",9739,9744,5,"paulo_roberto_correa_de_souza_junior","icmbio","gestao_publica","poder_publico"
"paulo_roberto_correa_de_souza_junior_icmbio",890,4,2,"meeting_09",15455,15460,5,"paulo_roberto_correa_de_souza_junior","icmbio","gestao_publica","poder_publico"
"paulo_roberto_correa_de_souza_junior_icmbio",79,4,13,"meeting_06",2145,2165,20,"paulo_roberto_correa_de_souza_junior","icmbio","gestao_publica","poder_publico"
"paulo_roberto_correa_de_souza_junior_icmbio",358,4,3,"meeting_18",12684,12698,14,"paulo_roberto_correa_de_souza_junior","icmbio","gestao_publica","poder_publico"
"paulo_roberto_correa_de_souza_junior_icmbio",1174,4,17,"meeting_14",5349,5354,5,"paulo_roberto_correa_de_souza_junior","icmbio","gestao_publica","poder_publico"
"paulo_roberto_correa_de_souza_junior_icmbio",1108,4,31,"meeting_12",17229,17242,13,"paulo_roberto_correa_de_souza_junior","icmbio","gestao_publica","poder_publico"
"paulo_roberto_correa_de_souza_junior_icmbio",790,4,1,"meeting_08",3603,3616,13,"paulo_roberto_correa_de_souza_junior","icmbio","gestao_publica","poder_publico"
"paulo_roberto_correa_de_souza_junior_icmbio",1349,4,33,"meeting_10",15210,15215,5,"paulo_roberto_correa_de_souza_junior","icmbio","gestao_publica","poder_publico"
"paulo_roberto_correa_de_souza_junior_icmbio",1056,4,31,"meeting_12",5912,5955,43,"paulo_roberto_correa_de_souza_junior","icmbio","gestao_publica","poder_publico"
"paulo_roberto_correa_de_souza_junior_icmbio",1031,4,16,"meeting_11",10743,10769,26,"paulo_roberto_correa_de_souza_junior","icmbio","gestao_publica","poder_publico"
"paulo_roberto_correa_de_souza_junior_icmbio",884,4,2,"meeting_09",10228,10266,38,"paulo_roberto_correa_de_souza_junior","icmbio","gestao_publica","poder_publico"
"paulo_roberto_correa_de_souza_junior_icmbio",324,4,3,"meeting_18",4906,4921,15,"paulo_roberto_correa_de_souza_junior","icmbio","gestao_publica","poder_publico"
"paulo_roberto_correa_de_souza_junior_icmbio",789,4,1,"meeting_08",1816,1829,13,"paulo_roberto_correa_de_souza_junior","icmbio","gestao_publica","poder_publico"
"paulo_roberto_correa_de_souza_junior_icmbio",346,4,3,"meeting_18",9600,9605,5,"paulo_roberto_correa_de_souza_junior","icmbio","gestao_publica","poder_publico"
"paulo_roberto_correa_de_souza_junior_icmbio",1347,4,33,"meeting_10",14245,14250,5,"paulo_roberto_correa_de_souza_junior","icmbio","gestao_publica","poder_publico"
"paulo_roberto_correa_de_souza_junior_icmbio",996,4,16,"meeting_11",2914,2919,5,"paulo_roberto_correa_de_souza_junior","icmbio","gestao_publica","poder_publico"
"paulo_roberto_correa_de_souza_junior_icmbio",867,4,2,"meeting_09",5118,5147,29,"paulo_roberto_correa_de_souza_junior","icmbio","gestao_publica","poder_publico"
"paulo_roberto_correa_de_souza_junior_icmbio",1127,4,31,"meeting_12",21083,21097,14,"paulo_roberto_correa_de_souza_junior","icmbio","gestao_publica","poder_publico"
"paulo_roberto_correa_de_souza_junior_icmbio",788,4,1,"meeting_08",8728,8742,14,"paulo_roberto_correa_de_souza_junior","icmbio","gestao_publica","poder_publico"
"paulo_roberto_correa_de_souza_junior_icmbio",4,4,1,"meeting_08",1293,1313,20,"paulo_roberto_correa_de_souza_junior","icmbio","gestao_publica","poder_publico"
"paulo_roberto_correa_de_souza_junior_icmbio",1169,4,17,"meeting_14",3860,3865,5,"paulo_roberto_correa_de_souza_junior","icmbio","gestao_publica","poder_publico"
"paulo_roberto_correa_de_souza_junior_icmbio",1154,4,17,"meeting_14",1376,1381,5,"paulo_roberto_correa_de_souza_junior","icmbio","gestao_publica","poder_publico"
"paulo_roberto_correa_de_souza_junior_icmbio",1013,4,16,"meeting_11",6585,6590,5,"paulo_roberto_correa_de_souza_junior","icmbio","gestao_publica","poder_publico"
"paulo_roberto_correa_de_souza_junior_icmbio",13,4,1,"meeting_08",2345,2359,14,"paulo_roberto_correa_de_souza_junior","icmbio","gestao_publica","poder_publico"
"pedro_augusto_macedo_lins_icmbio",59,38,4,"meeting_01",3927,3938,11,"pedro_augusto_macedo_lins","icmbio","gestao_publica","poder_publico"
"pedro_gustavo_dos_santos_barros_spu_al",1200,122,17,"meeting_14",9464,9485,21,"pedro_gustavo_dos_santos_barros","spu_al","gestao_publica","poder_publico"
"pedro_gustavo_dos_santos_barros_spu_al",1168,122,17,"meeting_14",3553,3584,31,"pedro_gustavo_dos_santos_barros","spu_al","gestao_publica","poder_publico"
"pedro_luiz_da_silva_z25",1632,74,20,"meeting_21",10880,10890,10,"pedro_luiz_da_silva","z25","atividade_pesqueira","sociedade_civil"
"pedro_luiz_da_silva_z25",1779,74,21,"meeting_22",29044,29054,10,"pedro_luiz_da_silva","z25","atividade_pesqueira","sociedade_civil"
"pedro_luiz_da_silva_z25",1132,74,31,"meeting_12",18903,18937,34,"pedro_luiz_da_silva","z25","atividade_pesqueira","sociedade_civil"
"pedro_luiz_da_silva_z25",2246,74,50,"meeting_28",2414,2694,280,"pedro_luiz_da_silva","z25","atividade_pesqueira","sociedade_civil"
"pedro_luiz_da_silva_z25",169,74,24,"meeting_03",4922,4942,20,"pedro_luiz_da_silva","z25","atividade_pesqueira","sociedade_civil"
"pedro_luiz_da_silva_z25",1080,74,31,"meeting_12",12322,12333,11,"pedro_luiz_da_silva","z25","atividade_pesqueira","sociedade_civil"
"pedro_luiz_da_silva_z25",1671,74,20,"meeting_21",22180,22191,11,"pedro_luiz_da_silva","z25","atividade_pesqueira","sociedade_civil"
"pedro_luiz_da_silva_z25",2023,74,48,"meeting_26",7988,8201,213,"pedro_luiz_da_silva","z25","atividade_pesqueira","sociedade_civil"
"pedro_luiz_da_silva_z25",1619,74,20,"meeting_21",7658,7669,11,"pedro_luiz_da_silva","z25","atividade_pesqueira","sociedade_civil"
"pedro_normande_ima",2079,180,48,"meeting_26",19888,20181,293,"pedro_normande","ima","gestao_publica","poder_publico"
"pedro_normande_ima",2092,180,48,"meeting_26",22428,22563,135,"pedro_normande","ima","gestao_publica","poder_publico"
"rafael_lustosa_siqueira_yande",2106,182,48,"meeting_26",24493,24710,217,"rafael_lustosa_siqueira","yande","organizacoes_de_educacao_e_cultura_e_associacoes_comunitarias","sociedade_civil"
"rafael_lustosa_siqueira_yande",2392,182,52,"meeting_29",12696,12812,116,"rafael_lustosa_siqueira","yande","organizacoes_de_educacao_e_cultura_e_associacoes_comunitarias","sociedade_civil"
"ronaldo_galvao_de_oliveira_scurachio_ibvm",92,52,13,"meeting_06",5955,5971,16,"ronaldo_galvao_de_oliveira_scurachio","ibvm","ongs_ambientalistas","sociedade_civil"
"rosangela_paula_teixeira_lessa_ufrpe",1756,140,21,"meeting_22",19046,19055,9,"rosangela_paula_teixeira_lessa","ufrpe","instituicao_de_ensino_e_pesquisa","poder_publico"
"rosangela_paula_teixeira_lessa_ufrpe",1776,140,21,"meeting_22",27551,27560,9,"rosangela_paula_teixeira_lessa","ufrpe","instituicao_de_ensino_e_pesquisa","poder_publico"
"rosangela_paula_teixeira_lessa_ufrpe",1734,140,21,"meeting_22",12266,12275,9,"rosangela_paula_teixeira_lessa","ufrpe","instituicao_de_ensino_e_pesquisa","poder_publico"
"rosangela_paula_teixeira_lessa_ufrpe",2519,140,53,"meeting_30",25879,25950,71,"rosangela_paula_teixeira_lessa","ufrpe","instituicao_de_ensino_e_pesquisa","poder_publico"
"rosangela_paula_teixeira_lessa_ufrpe",2468,140,53,"meeting_30",12143,12567,424,"rosangela_paula_teixeira_lessa","ufrpe","instituicao_de_ensino_e_pesquisa","poder_publico"
"rosangela_paula_teixeira_lessa_ufrpe",1572,140,19,"meeting_20",20306,20321,15,"rosangela_paula_teixeira_lessa","ufrpe","instituicao_de_ensino_e_pesquisa","poder_publico"
"rosangela_paula_teixeira_lessa_ufrpe",1554,140,19,"meeting_20",15667,15695,28,"rosangela_paula_teixeira_lessa","ufrpe","instituicao_de_ensino_e_pesquisa","poder_publico"
"sergio_magalhaes_rezende_ircos",1758,141,21,"meeting_22",19220,19226,6,"sergio_magalhaes_rezende","ircos","ongs_ambientalistas","sociedade_civil"
"sergio_magalhaes_rezende_ircos",1579,141,19,"meeting_20",21115,21129,14,"sergio_magalhaes_rezende","ircos","ongs_ambientalistas","sociedade_civil"
"sergio_magalhaes_rezende_ircos",1558,141,19,"meeting_20",16714,16728,14,"sergio_magalhaes_rezende","ircos","ongs_ambientalistas","sociedade_civil"
"severino_antonio_dos_santos_cpp",1788,79,22,"meeting_23",4785,4821,36,"severino_antonio_dos_santos","cpp","atividade_pesqueira","sociedade_civil"
"severino_antonio_dos_santos_cpp",2259,79,50,"meeting_28",6067,6396,329,"severino_antonio_dos_santos","cpp","atividade_pesqueira","sociedade_civil"
"severino_antonio_dos_santos_cpp",2760,79,17,"meeting_14",6609,6618,9,"severino_antonio_dos_santos","cpp","atividade_pesqueira","sociedade_civil"
"severino_antonio_dos_santos_cpp",2290,79,50,"meeting_28",14829,15523,694,"severino_antonio_dos_santos","cpp","atividade_pesqueira","sociedade_civil"
"severino_antonio_dos_santos_cpp",2800,79,19,"meeting_20",3369,3458,89,"severino_antonio_dos_santos","cpp","atividade_pesqueira","sociedade_civil"
"severino_antonio_dos_santos_cpp",1735,79,21,"meeting_22",12407,12415,8,"severino_antonio_dos_santos","cpp","atividade_pesqueira","sociedade_civil"
"severino_antonio_dos_santos_cpp",1563,79,19,"meeting_20",18646,18662,16,"severino_antonio_dos_santos","cpp","atividade_pesqueira","sociedade_civil"
"severino_antonio_dos_santos_cpp",1723,79,21,"meeting_22",9811,9827,16,"severino_antonio_dos_santos","cpp","atividade_pesqueira","sociedade_civil"
"severino_antonio_dos_santos_cpp",1635,79,20,"meeting_21",11806,11823,17,"severino_antonio_dos_santos","cpp","atividade_pesqueira","sociedade_civil"
"severino_antonio_dos_santos_cpp",1428,79,3,"meeting_18",2850,2914,64,"severino_antonio_dos_santos","cpp","atividade_pesqueira","sociedade_civil"
"severino_antonio_dos_santos_cpp",1555,79,19,"meeting_20",16023,16039,16,"severino_antonio_dos_santos","cpp","atividade_pesqueira","sociedade_civil"
"severino_antonio_dos_santos_cpp",1685,79,20,"meeting_21",26024,26040,16,"severino_antonio_dos_santos","cpp","atividade_pesqueira","sociedade_civil"
"severino_antonio_dos_santos_cpp",1392,79,44,"meeting_16",7541,7549,8,"severino_antonio_dos_santos","cpp","atividade_pesqueira","sociedade_civil"
"severino_antonio_dos_santos_cpp",1702,79,21,"meeting_22",2341,2358,17,"severino_antonio_dos_santos","cpp","atividade_pesqueira","sociedade_civil"
"severino_antonio_dos_santos_cpp",1918,79,47,"meeting_25",5640,6234,594,"severino_antonio_dos_santos","cpp","atividade_pesqueira","sociedade_civil"
"severino_antonio_dos_santos_cpp",1936,79,47,"meeting_25",10642,10840,198,"severino_antonio_dos_santos","cpp","atividade_pesqueira","sociedade_civil"
"severino_antonio_dos_santos_cpp",1805,79,46,"meeting_24",1291,1405,114,"severino_antonio_dos_santos","cpp","atividade_pesqueira","sociedade_civil"
"severino_antonio_dos_santos_cpp",1705,79,21,"meeting_22",3513,3521,8,"severino_antonio_dos_santos","cpp","atividade_pesqueira","sociedade_civil"
"severino_antonio_dos_santos_cpp",1896,79,47,"meeting_25",1509,1662,153,"severino_antonio_dos_santos","cpp","atividade_pesqueira","sociedade_civil"
"severino_antonio_dos_santos_cpp",1488,79,19,"meeting_20",2783,2813,30,"severino_antonio_dos_santos","cpp","atividade_pesqueira","sociedade_civil"
"severino_antonio_dos_santos_cpp",1778,79,21,"meeting_22",28248,28256,8,"severino_antonio_dos_santos","cpp","atividade_pesqueira","sociedade_civil"
"severino_antonio_dos_santos_cpp",1597,79,19,"meeting_20",27284,27300,16,"severino_antonio_dos_santos","cpp","atividade_pesqueira","sociedade_civil"
"severino_antonio_dos_santos_cpp",1881,79,46,"meeting_24",15012,15294,282,"severino_antonio_dos_santos","cpp","atividade_pesqueira","sociedade_civil"
"severino_antonio_dos_santos_cpp",1836,79,46,"meeting_24",7809,7874,65,"severino_antonio_dos_santos","cpp","atividade_pesqueira","sociedade_civil"
"severino_antonio_dos_santos_cpp",1587,79,19,"meeting_20",25616,25633,17,"severino_antonio_dos_santos","cpp","atividade_pesqueira","sociedade_civil"
"severino_ramos_z5",2075,177,48,"meeting_26",19163,19436,273,"severino_ramos","z5","atividade_pesqueira","sociedade_civil"
"severino_ramos_z5",2045,177,48,"meeting_26",13386,13484,98,"severino_ramos","z5","atividade_pesqueira","sociedade_civil"
"severino_ramos_z5",2024,177,48,"meeting_26",8217,8448,231,"severino_ramos","z5","atividade_pesqueira","sociedade_civil"
"solange_aribama",1874,166,46,"meeting_24",14142,14304,162,"solange","aribama","atividade_turistica",NA
"teodorico_de_almeida_rocha_spu_al",1252,124,32,"meeting_04",10487,10505,18,"teodorico_de_almeida_rocha","spu_al","gestao_publica","poder_publico"
"teofilo_carlos_de_albuquerque_filho_abevila",2037,115,48,"meeting_26",11366,11450,84,"teofilo_carlos_de_albuquerque_filho","abevila","organizacoes_de_educacao_e_cultura_e_associacoes_comunitarias","sociedade_civil"
"teofilo_carlos_de_albuquerque_filho_abevila",1029,115,16,"meeting_11",10082,10128,46,"teofilo_carlos_de_albuquerque_filho","abevila","organizacoes_de_educacao_e_cultura_e_associacoes_comunitarias","sociedade_civil"
"teofilo_carlos_de_albuquerque_filho_abevila",1730,115,21,"meeting_22",10904,10911,7,"teofilo_carlos_de_albuquerque_filho","abevila","organizacoes_de_educacao_e_cultura_e_associacoes_comunitarias","sociedade_civil"
"teofilo_carlos_de_albuquerque_filho_abevila",2178,115,49,"meeting_27",11041,11160,119,"teofilo_carlos_de_albuquerque_filho","abevila","organizacoes_de_educacao_e_cultura_e_associacoes_comunitarias","sociedade_civil"
"teofilo_carlos_de_albuquerque_filho_abevila",2473,115,53,"meeting_30",15265,15936,671,"teofilo_carlos_de_albuquerque_filho","abevila","organizacoes_de_educacao_e_cultura_e_associacoes_comunitarias","sociedade_civil"
"tsachi_greenhut_yande",1144,118,31,"meeting_12",19195,19210,15,"tsachi_greenhut","yande","organizacoes_de_educacao_e_cultura_e_associacoes_comunitarias","sociedade_civil"
"tsachi_greenhut_yande",1633,118,20,"meeting_21",11273,11279,6,"tsachi_greenhut","yande","organizacoes_de_educacao_e_cultura_e_associacoes_comunitarias","sociedade_civil"
"tsachi_greenhut_yande",1684,118,20,"meeting_21",25245,25251,6,"tsachi_greenhut","yande","organizacoes_de_educacao_e_cultura_e_associacoes_comunitarias","sociedade_civil"
"tsachi_greenhut_yande",1658,118,20,"meeting_21",19424,19430,6,"tsachi_greenhut","yande","organizacoes_de_educacao_e_cultura_e_associacoes_comunitarias","sociedade_civil"
"tsachi_greenhut_yande",2737,118,31,"meeting_12",8256,8279,23,"tsachi_greenhut","yande","organizacoes_de_educacao_e_cultura_e_associacoes_comunitarias","sociedade_civil"
"tsachi_greenhut_yande",2498,118,53,"meeting_30",22673,22734,61,"tsachi_greenhut","yande","organizacoes_de_educacao_e_cultura_e_associacoes_comunitarias","sociedade_civil"
"tsachi_greenhut_yande",1374,118,44,"meeting_16",2293,2309,16,"tsachi_greenhut","yande","organizacoes_de_educacao_e_cultura_e_associacoes_comunitarias","sociedade_civil"
"tsachi_greenhut_yande",1406,118,44,"meeting_16",11123,11139,16,"tsachi_greenhut","yande","organizacoes_de_educacao_e_cultura_e_associacoes_comunitarias","sociedade_civil"
"tsachi_greenhut_yande",2463,118,53,"meeting_30",9694,9760,66,"tsachi_greenhut","yande","organizacoes_de_educacao_e_cultura_e_associacoes_comunitarias","sociedade_civil"
"tsachi_greenhut_yande",2504,118,53,"meeting_30",23858,23981,123,"tsachi_greenhut","yande","organizacoes_de_educacao_e_cultura_e_associacoes_comunitarias","sociedade_civil"
"tsachi_greenhut_yande",2457,118,53,"meeting_30",7077,8097,1020,"tsachi_greenhut","yande","organizacoes_de_educacao_e_cultura_e_associacoes_comunitarias","sociedade_civil"
"tsachi_greenhut_yande",1689,118,20,"meeting_21",27451,27457,6,"tsachi_greenhut","yande","organizacoes_de_educacao_e_cultura_e_associacoes_comunitarias","sociedade_civil"
"vanderley_luis_turatti_afotur",188,68,12,"meeting_05",4477,4497,20,"vanderley_luis_turatti","afotur","atividade_turistica","sociedade_civil"
"vanderley_luis_turatti_afotur",680,68,24,"meeting_03",5159,5199,40,"vanderley_luis_turatti","afotur","atividade_turistica","sociedade_civil"
"vanderley_luis_turatti_afotur",162,68,24,"meeting_03",4663,4681,18,"vanderley_luis_turatti","afotur","atividade_turistica","sociedade_civil"
"vanderley_luis_turatti_afotur",1221,68,32,"meeting_04",3180,3189,9,"vanderley_luis_turatti","afotur","atividade_turistica","sociedade_civil"
"vanderley_luis_turatti_afotur",648,68,27,"meeting_02",7171,7202,31,"vanderley_luis_turatti","afotur","atividade_turistica","sociedade_civil"
"vandick_da_silva_batista_ufal",1566,80,19,"meeting_20",19284,19299,15,"vandick_da_silva_batista","ufal","instituicao_de_ensino_e_pesquisa","poder_publico"
"vandick_da_silva_batista_ufal",1952,80,47,"meeting_25",13693,13870,177,"vandick_da_silva_batista","ufal","instituicao_de_ensino_e_pesquisa","poder_publico"
"vandick_da_silva_batista_ufal",2472,80,53,"meeting_30",14332,15264,932,"vandick_da_silva_batista","ufal","instituicao_de_ensino_e_pesquisa","poder_publico"
"vandick_da_silva_batista_ufal",1505,80,19,"meeting_20",7149,7178,29,"vandick_da_silva_batista","ufal","instituicao_de_ensino_e_pesquisa","poder_publico"
"vandick_da_silva_batista_ufal",1489,80,19,"meeting_20",2828,2845,17,"vandick_da_silva_batista","ufal","instituicao_de_ensino_e_pesquisa","poder_publico"
"vandick_da_silva_batista_ufal",1765,80,21,"meeting_22",21474,21481,7,"vandick_da_silva_batista","ufal","instituicao_de_ensino_e_pesquisa","poder_publico"
"vandick_da_silva_batista_ufal",1535,80,19,"meeting_20",11550,11557,7,"vandick_da_silva_batista","ufal","instituicao_de_ensino_e_pesquisa","poder_publico"
"vandick_da_silva_batista_ufal",2523,80,53,"meeting_30",26326,26709,383,"vandick_da_silva_batista","ufal","instituicao_de_ensino_e_pesquisa","poder_publico"
"vandick_da_silva_batista_ufal",2497,80,53,"meeting_30",22529,22672,143,"vandick_da_silva_batista","ufal","instituicao_de_ensino_e_pesquisa","poder_publico"
"vandick_da_silva_batista_ufal",1206,80,17,"meeting_14",11620,11638,18,"vandick_da_silva_batista","ufal","instituicao_de_ensino_e_pesquisa","poder_publico"
"vandick_da_silva_batista_ufal",2802,80,19,"meeting_20",4357,4384,27,"vandick_da_silva_batista","ufal","instituicao_de_ensino_e_pesquisa","poder_publico"
"vandick_da_silva_batista_ufal",1743,80,21,"meeting_22",15049,15056,7,"vandick_da_silva_batista","ufal","instituicao_de_ensino_e_pesquisa","poder_publico"
"vandick_da_silva_batista_ufal",1760,80,21,"meeting_22",19611,19618,7,"vandick_da_silva_batista","ufal","instituicao_de_ensino_e_pesquisa","poder_publico"
"vandick_da_silva_batista_ufal",1787,80,22,"meeting_23",2306,2329,23,"vandick_da_silva_batista","ufal","instituicao_de_ensino_e_pesquisa","poder_publico"
"vandick_da_silva_batista_ufal",1793,80,22,"meeting_23",11844,11851,7,"vandick_da_silva_batista","ufal","instituicao_de_ensino_e_pesquisa","poder_publico"
"vandick_da_silva_batista_ufal",2564,80,51,"meeting_31",4767,4955,188,"vandick_da_silva_batista","ufal","instituicao_de_ensino_e_pesquisa","poder_publico"
"vandick_da_silva_batista_ufal",339,80,3,"meeting_18",7509,7516,7,"vandick_da_silva_batista","ufal","instituicao_de_ensino_e_pesquisa","poder_publico"
"vandick_da_silva_batista_ufal",2558,80,51,"meeting_31",3327,3598,271,"vandick_da_silva_batista","ufal","instituicao_de_ensino_e_pesquisa","poder_publico"
"vandick_da_silva_batista_ufal",1919,80,47,"meeting_25",6250,6319,69,"vandick_da_silva_batista","ufal","instituicao_de_ensino_e_pesquisa","poder_publico"
"vandick_da_silva_batista_ufal",1556,80,19,"meeting_20",16431,16446,15,"vandick_da_silva_batista","ufal","instituicao_de_ensino_e_pesquisa","poder_publico"
"vandick_da_silva_batista_ufal",1202,80,17,"meeting_14",10470,10494,24,"vandick_da_silva_batista","ufal","instituicao_de_ensino_e_pesquisa","poder_publico"
"vandick_da_silva_batista_ufal",1750,80,21,"meeting_22",17417,17424,7,"vandick_da_silva_batista","ufal","instituicao_de_ensino_e_pesquisa","poder_publico"
"vandick_da_silva_batista_ufal",1588,80,19,"meeting_20",25398,25405,7,"vandick_da_silva_batista","ufal","instituicao_de_ensino_e_pesquisa","poder_publico"
"vandick_da_silva_batista_ufal",2482,80,53,"meeting_30",18820,18857,37,"vandick_da_silva_batista","ufal","instituicao_de_ensino_e_pesquisa","poder_publico"
"vandick_da_silva_batista_ufal",1729,80,21,"meeting_22",10602,10609,7,"vandick_da_silva_batista","ufal","instituicao_de_ensino_e_pesquisa","poder_publico"
"vandick_da_silva_batista_ufal",1703,80,21,"meeting_22",3056,3063,7,"vandick_da_silva_batista","ufal","instituicao_de_ensino_e_pesquisa","poder_publico"
"vandick_da_silva_batista_ufal",1523,80,19,"meeting_20",9699,9706,7,"vandick_da_silva_batista","ufal","instituicao_de_ensino_e_pesquisa","poder_publico"
"vandick_da_silva_batista_ufal",2451,80,53,"meeting_30",3096,3789,693,"vandick_da_silva_batista","ufal","instituicao_de_ensino_e_pesquisa","poder_publico"
"vandick_da_silva_batista_ufal",350,80,3,"meeting_18",10633,10641,8,"vandick_da_silva_batista","ufal","instituicao_de_ensino_e_pesquisa","poder_publico"
"vandick_da_silva_batista_ufal",2566,80,51,"meeting_31",5082,5202,120,"vandick_da_silva_batista","ufal","instituicao_de_ensino_e_pesquisa","poder_publico"
"waldemar_rolim_lacerda_junior_z11",1565,116,19,"meeting_20",19151,19179,28,"waldemar_rolim_lacerda_junior","z11","atividade_pesqueira","sociedade_civil"
"waldemar_rolim_lacerda_junior_z11",1642,116,20,"meeting_21",13871,13879,8,"waldemar_rolim_lacerda_junior","z11","atividade_pesqueira","sociedade_civil"
"waldemar_rolim_lacerda_junior_z11",2742,116,31,"meeting_12",13511,13528,17,"waldemar_rolim_lacerda_junior","z11","atividade_pesqueira","sociedade_civil"
"waldemar_rolim_lacerda_junior_z11",1630,116,20,"meeting_21",10613,10635,22,"waldemar_rolim_lacerda_junior","z11","atividade_pesqueira","sociedade_civil"
"waldemar_rolim_lacerda_junior_z11",1657,116,20,"meeting_21",18354,18362,8,"waldemar_rolim_lacerda_junior","z11","atividade_pesqueira","sociedade_civil"
"waldemar_rolim_lacerda_junior_z11",1559,116,19,"meeting_20",16873,16889,16,"waldemar_rolim_lacerda_junior","z11","atividade_pesqueira","sociedade_civil"
"waldemar_rolim_lacerda_junior_z11",1038,116,31,"meeting_12",1910,1993,83,"waldemar_rolim_lacerda_junior","z11","atividade_pesqueira","sociedade_civil"
"waldemar_rolim_lacerda_junior_z11",2807,116,19,"meeting_20",5672,5692,20,"waldemar_rolim_lacerda_junior","z11","atividade_pesqueira","sociedade_civil"
"waldemar_rolim_lacerda_junior_z11",1516,116,19,"meeting_20",8074,8091,17,"waldemar_rolim_lacerda_junior","z11","atividade_pesqueira","sociedade_civil"
"waldemar_rolim_lacerda_junior_z11",1691,116,20,"meeting_21",28978,28986,8,"waldemar_rolim_lacerda_junior","z11","atividade_pesqueira","sociedade_civil"
"waldemar_rolim_lacerda_junior_z11",1097,116,31,"meeting_12",15500,15508,8,"waldemar_rolim_lacerda_junior","z11","atividade_pesqueira","sociedade_civil"
"waldemar_rolim_lacerda_junior_z11",2173,116,49,"meeting_27",10337,10531,194,"waldemar_rolim_lacerda_junior","z11","atividade_pesqueira","sociedade_civil"
"waldemar_rolim_lacerda_junior_z11",2824,116,19,"meeting_20",21836,21863,27,"waldemar_rolim_lacerda_junior","z11","atividade_pesqueira","sociedade_civil"
